bearded,Confident,0.2982
man,Confident,0.2874
female,Confident,-0.2866
bearded,Masculine,0.2802
male,Confident,0.2767
male,Masculine,0.2746
female,Masculine,-0.2704
bearded,Dominant,0.2601
bearded,Baby-faced,-0.2537
male,Dominant,0.2526
man,Masculine,0.2488
man,Baby-faced,-0.2423
female,Dominant,-0.2418
female,Energetic,-0.2373
bearded,Energetic,0.2288
male,Energetic,0.2279
man,Competent,0.2242
bearded,Old,0.2241
woman,Confident,-0.2206
woman,Masculine,-0.2197
man,Dominant,0.2172
tunic,Competent,-0.2133
female,Baby-faced,0.2075
braid,Masculine,-0.2032
male,Baby-faced,-0.1886
sixth,Confident,-0.1883
beard,Confident,0.1883
man,Well-groomed,0.1856
aphrodisias,Generous,0.1852
long,Dominant,0.1848
woman,Dominant,-0.1844
bearded,Competent,0.1843
tunic,Baby-faced,0.1810
braid,Confident,-0.1805
man,Rich,0.1791
chiton,Competent,-0.1790
woman,Energetic,-0.1767
caria,Generous,0.1753
statue,Competent,-0.1745
tondo,Trustworthy,0.1744
man,Energetic,0.1742
sceptre,Confident,-0.1737
270,Dominant,0.1721
woman,Baby-faced,0.1713
statue,Baby-faced,0.1708
mop,Confident,-0.1694
braid,Energetic,-0.1679
statue,Well-groomed,-0.1671
long,Confident,0.1667
tunic,Confident,-0.1660
woman,Old,-0.1639
chiton,Baby-faced,0.1639
long,Energetic,0.1631
tunic,Energetic,-0.1629
hair,Baby-faced,-0.1613
encircling,Masculine,-0.1605
diocletian,Old,0.1605
beard,Competent,0.1603
braid,Dominant,-0.1596
dacia,Old,0.1592
270,Masculine,0.1557
provenance,Intelligent,0.1556
long,Generous,0.1551
long,Masculine,0.1527
achaea,Energetic,0.1519
hair,Competent,0.1511
sixth,Dominant,-0.1507
head,Baby-faced,-0.1492
achaea,Confident,0.1489
bust,Energetic,-0.1486
unknown,Competent,0.1484
270,Rich,0.1471
beard,Baby-faced,-0.1471
beard,Energetic,0.1464
porphyry,Attractive,-0.1463
italy,Intelligent,0.1457
female,Old,-0.1457
bearded,Rich,0.1456
athens,Confident,0.1449
female,Competent,-0.1448
sixth,Attractive,-0.1442
550,Confident,-0.1433
tondo,Energetic,0.1431
boots,Baby-faced,0.1428
brushed,Confident,0.1421
chiton,Energetic,-0.1416
sixth,Masculine,-0.1415
yes,Confident,0.1414
statue,Confident,-0.1414
forum,Trustworthy,-0.1414
male,Old,0.1413
man,Intelligent,0.1411
central,Generous,-0.1410
covers,Generous,0.1409
ears,Generous,0.1409
beard,Masculine,0.1408
boots,Competent,-0.1404
sixth,Baby-faced,0.1391
boots,Rich,-0.1380
base,Confident,-0.1379
awarder,Confident,0.1378
uncertain,Confident,0.1378
type,Intelligent,0.1369
260,Energetic,-0.1369
310,Honest,0.1367
boots,Well-groomed,-0.1366
shield,Energetic,0.1354
forward,Confident,0.1348
bearded,Generous,0.1348
headgear,Confident,-0.1345
short,Confident,0.1345
encircling,Confident,-0.1339
earlier,Dominant,0.1334
sleeved,Confident,-0.1330
sixth,Competent,-0.1322
footwear,Competent,-0.1321
greece,Confident,0.1321
south,Energetic,0.1320
head,Well-groomed,0.1318
strapped,Confident,-0.1317
head,Competent,0.1317
beard,Dominant,0.1316
pearl-edged,Old,-0.1315
tunic,Well-groomed,-0.1315
covers,Well-groomed,-0.1312
ears,Well-groomed,-0.1312
tetrarch,Old,0.1308
diadem,Masculine,-0.1306
diadem,Dominant,-0.1296
footwear,Well-groomed,-0.1293
colobium,Confident,-0.1290
tunic,Intelligent,-0.1280
braid,Generous,-0.1280
awarder,Competent,0.1277
uncertain,Competent,0.1277
statue,Energetic,-0.1271
cloak,Generous,0.1269
re-worked,Confident,0.1264
hair,Rich,0.1263
set,Energetic,-0.1260
500,Masculine,0.1259
tunic,Rich,-0.1258
epirus,Confident,0.1252
thrace,Confident,0.1252
macedonia,Confident,0.1252
short,Baby-faced,-0.1251
statue,Rich,-0.1248
closed,Well-groomed,-0.1248
beard,Well-groomed,0.1247
toga,Energetic,-0.1244
closed,Baby-faced,0.1240
chiton,Intelligent,-0.1240
closed,Rich,-0.1235
male,Competent,0.1227
closed,Competent,-0.1222
epirus,Energetic,0.1221
thrace,Energetic,0.1221
macedonia,Energetic,0.1221
young,Baby-faced,0.1219
270,Baby-faced,-0.1215
athens,Well-groomed,0.1214
toga,Trustworthy,-0.1214
500,Generous,0.1211
shield,Trustworthy,0.1210
mid-fourth,Energetic,-0.1209
earlier,Masculine,0.1208
chiton,Confident,-0.1208
footwear,Baby-faced,0.1199
beard,Intelligent,0.1199
beard,Rich,0.1198
wall,Old,0.1197
probably,Intelligent,-0.1197
greece,Energetic,0.1197
awarder,Energetic,0.1195
uncertain,Energetic,0.1195
italy,Competent,0.1195
312,Trustworthy,-0.1194
balkans,Confident,0.1194
agora,Masculine,0.1194
aegyptus,Masculine,-0.1194
cloak,Trustworthy,0.1194
clean-shaven,Old,-0.1192
awarder,Old,0.1189
uncertain,Old,0.1189
re-worked,Energetic,0.1185
earlier,Competent,0.1183
braid,Old,-0.1182
425,Masculine,-0.1182
pearl-edged,Dominant,-0.1181
mop,Dominant,-0.1180
insertion,Masculine,-0.1179
mantle,Trustworthy,0.1178
lower,Rich,-0.1176
unknown,Intelligent,0.1176
egypt,Baby-faced,0.1175
small,Energetic,-0.1174
asia,Generous,0.1174
minor,Generous,0.1174
300,Rich,0.1172
yes,Masculine,0.1168
italy,Rich,0.1167
athens,Energetic,0.1167
forward,Dominant,0.1158
balkans,Energetic,0.1153
awarder,Dominant,0.1153
uncertain,Dominant,0.1153
egypt,Attractive,-0.1153
bearded,Intelligent,0.1151
270,Confident,0.1144
south,Confident,0.1142
corinth,Energetic,0.1141
standing,Competent,-0.1139
porphyry,Old,0.1137
hair,Confident,0.1137
earlier,Confident,0.1135
hair,Well-groomed,0.1133
type,Competent,0.1130
short-cropped,Old,0.1129
short,Masculine,0.1129
achaea,Masculine,0.1128
achaea,Competent,0.1120
encircling,Dominant,-0.1119
colobium,Energetic,-0.1118
pearl-edged,Masculine,-0.1118
280,Confident,0.1116
270,Competent,0.1115
aegyptus,Baby-faced,0.1113
himation,Trustworthy,0.1111
boots,Confident,-0.1109
bundle,Old,-0.1109
short-cropped,Confident,0.1108
tondo,Generous,0.1108
stubble,Confident,0.1107
porphyry,Generous,0.1103
later,Masculine,0.1098
cuirassed,Rich,-0.1096
cities,Generous,0.1096
officials,Generous,0.1096
institutions,Generous,0.1096
brushed,Dominant,0.1095
athens,Masculine,0.1095
aphrodisias,Honest,0.1093
earlier,Baby-faced,-0.1091
pearl-edged,Rich,-0.1091
upper,Generous,0.1090
sixth,Well-groomed,-0.1083
woman,Competent,-0.1082
sceptre,Energetic,-0.1082
footwear,Confident,-0.1080
tunic,Old,-0.1079
statue,Generous,0.1078
sleeved,Energetic,-0.1077
herm,Attractive,0.1076
forward,Masculine,0.1075
brushed,Baby-faced,-0.1074
egypt,Masculine,-0.1073
magna,Generous,-0.1072
lepcis,Generous,-0.1072
diocletian,Baby-faced,-0.1072
forum,Old,-0.1072
standing,Rich,-0.1072
sparta,Competent,0.1071
forward,Baby-faced,-0.1069
athens,Competent,0.1069
awarder,Baby-faced,-0.1068
uncertain,Baby-faced,-0.1068
hair,Intelligent,0.1068
provenance,Competent,0.1068
athens,Dominant,0.1066
egypt,Rich,-0.1066
dacia,Attractive,-0.1063
stubble,Energetic,0.1063
yes,Intelligent,0.1062
greece,Competent,0.1061
550,Energetic,-0.1058
possibly,Baby-faced,-0.1057
baths,Competent,-0.1056
near,Trustworthy,0.1049
strapped,Energetic,-0.1048
toga,Competent,-0.1047
scroll,Old,-0.1046
headgear,Energetic,-0.1046
theatre,Generous,0.1045
epirus,Competent,0.1044
thrace,Competent,0.1044
macedonia,Competent,0.1044
young,Rich,-0.1043
group,Energetic,-0.1040
fragments,Attractive,-0.1040
earlier,Old,0.1038
alexandria,Trustworthy,0.1037
type,Rich,0.1035
civica,Rich,-0.1033
corona,Rich,-0.1033
long,Trustworthy,0.1032
cuirassed,Confident,-0.1032
antique,Old,0.1030
sixth,Rich,-0.1029
plain,Baby-faced,0.1025
brushed,Masculine,0.1023
young,Dominant,-0.1019
central,Energetic,-0.1019
sixth,Intelligent,-0.1019
base,Dominant,-0.1018
chiton,Well-groomed,-0.1017
330,Intelligent,0.1016
herm,Masculine,0.1016
fifth,Intelligent,-0.1016
athens,Baby-faced,-0.1016
base,Generous,0.1013
belgica,Masculine,0.1013
herm,Dominant,0.1012
building,Generous,0.1010
short,Dominant,0.1008
aphrodisias,Rich,-0.1006
man,Old,0.1006
balkans,Competent,0.1004
asia,Competent,-0.1003
minor,Competent,-0.1003
athens,Attractive,0.1002
forward,Rich,0.1000
toga,Confident,-0.1000
550,Competent,-0.1000
bronze,Intelligent,-0.0999
re-worked,Masculine,0.0999
cloak,Baby-faced,0.0998
short,Competent,0.0997
sleeved,Competent,-0.0996
earlier,Well-groomed,0.0993
braid,Baby-faced,0.0993
re-worked,Dominant,0.0990
footwear,Rich,-0.0989
chiton,Old,-0.0988
strapped,Competent,-0.0987
brow,Baby-faced,-0.0986
upper,Masculine,-0.0985
woman,Generous,-0.0985
wreath-style,Intelligent,-0.0985
hair,Dominant,0.0982
provenance,Rich,0.0982
diadem,Confident,-0.0981
lower,Competent,-0.0981
stone,Trustworthy,0.0979
plain,Well-groomed,-0.0979
south,Masculine,0.0979
brushed,Rich,0.0978
bronze,Trustworthy,0.0977
tunic,Masculine,-0.0977
370,Rich,-0.0975
young,Old,-0.0974
standing,Baby-faced,0.0972
cuirassed,Well-groomed,-0.0969
emperor,Masculine,-0.0968
hairstyle,Baby-faced,-0.0968
himation,Old,-0.0967
270,Old,0.0966
possibly,Old,0.0966
greece,Dominant,0.0966
380,Intelligent,-0.0965
awarder,Masculine,0.0964
uncertain,Masculine,0.0964
320,Honest,-0.0962
brushed,Energetic,0.0961
clean-shaven,Generous,-0.0961
mantle,Old,-0.0960
south,Baby-faced,-0.0960
civica,Competent,-0.0959
corona,Competent,-0.0959
achaea,Attractive,0.0958
empress,Masculine,-0.0954
yes,Energetic,0.0953
achaea,Well-groomed,0.0953
310,Generous,0.0951
base,Rich,-0.0948
base,Honest,0.0948
lower,Attractive,-0.0947
colossal,Old,-0.0947
west,Rich,-0.0946
500,Energetic,0.0945
stoa,Rich,-0.0944
clean-shaven,Baby-faced,0.0943
standing,Well-groomed,-0.0940
headgear,Competent,-0.0934
base,Competent,-0.0934
stubble,Masculine,0.0934
encircling,Energetic,-0.0933
porphyry,Well-groomed,-0.0932
hairstyle,Rich,0.0931
closed,Confident,-0.0930
head,Generous,-0.0930
fifth,Rich,-0.0929
armour,Generous,0.0928
young,Masculine,-0.0928
provincial,Generous,0.0926
short,Old,0.0926
aegyptus,Rich,-0.0925
short-cropped,Rich,0.0925
young,Confident,-0.0924
local,Old,0.0924
central,Masculine,-0.0923
female,Generous,-0.0921
chiton,Rich,-0.0921
cities,Rich,-0.0920
officials,Rich,-0.0920
institutions,Rich,-0.0920
head,Rich,0.0919
380,Trustworthy,-0.0919
balkans,Baby-faced,-0.0919
280,Competent,0.0917
building,Honest,0.0916
290,Intelligent,0.0913
greece,Masculine,0.0913
egypt,Honest,0.0913
long,Baby-faced,-0.0912
hair,Masculine,0.0908
base,Baby-faced,0.0907
baths,Intelligent,-0.0907
short-cropped,Competent,0.0907
veiled,Confident,-0.0906
caria,Honest,0.0906
jewelled,Confident,-0.0906
porphyry,Intelligent,-0.0906
local,Trustworthy,0.0905
clean-shaven,Rich,-0.0904
425,Dominant,-0.0902
base,Energetic,-0.0902
female,Intelligent,-0.0896
mop,Attractive,-0.0896
south,Well-groomed,0.0894
balkans,Masculine,0.0893
combed,Intelligent,0.0893
short,Intelligent,0.0891
paludamentum,Generous,0.0889
theatre,Trustworthy,0.0889
near,Energetic,-0.0888
cyrenaica,Masculine,0.0887
tripolitania,Masculine,0.0887
eastern,Masculine,0.0887
near,Confident,-0.0887
sword,Honest,0.0886
clean-shaven,Honest,-0.0885
sleeved,Well-groomed,-0.0884
lower,Well-groomed,-0.0884
antique,Energetic,-0.0883
head,Energetic,0.0879
boots,Old,-0.0876
toga,Well-groomed,-0.0875
shield,Confident,0.0874
empress,Confident,-0.0873
statue,Old,-0.0872
record,Attractive,0.0871
published,Attractive,0.0871
fragments,Old,0.0871
male,Generous,0.0870
balkans,Old,0.0870
head,Old,0.0869
fragments,Well-groomed,-0.0867
yes,Competent,0.0867
combed,Rich,0.0867
sceptre,Generous,0.0866
italy,Generous,-0.0866
umbo,Baby-faced,0.0864
earlier,Rich,0.0862
lower,Confident,-0.0860
purchased,Old,-0.0860
short,Energetic,0.0859
cuirassed,Competent,-0.0858
clean-shaven,Competent,-0.0857
upper,Honest,0.0856
pearl-edged,Competent,-0.0855
umbo,Old,-0.0855
sicily,Well-groomed,0.0854
jewelled,Energetic,-0.0853
sceptre,Competent,-0.0853
jewelled,Dominant,-0.0853
pearl-edged,Confident,-0.0853
epirus,Dominant,0.0852
thrace,Dominant,0.0852
macedonia,Dominant,0.0852
building,Masculine,-0.0851
balkans,Dominant,0.0851
550,Rich,-0.0851
female,Rich,-0.0851
magna,Baby-faced,-0.0848
lepcis,Baby-faced,-0.0848
paludamentum,Honest,0.0847
empress,Dominant,-0.0847
wall,Energetic,-0.0847
brow,Old,0.0846
aphrodisias,Well-groomed,-0.0845
egypt,Confident,-0.0843
aegyptus,Attractive,-0.0843
epirus,Masculine,0.0842
thrace,Masculine,0.0842
macedonia,Masculine,0.0842
roman,Rich,-0.0842
tondo,Honest,0.0842
sceptre,Dominant,-0.0842
headgear,Masculine,-0.0842
collection,Confident,-0.0841
stoa,Old,-0.0841
yes,Dominant,0.0840
roman,Well-groomed,-0.0840
brushed,Competent,0.0840
stubble,Baby-faced,-0.0839
sparta,Well-groomed,0.0838
jewelled,Masculine,-0.0838
hair,Generous,-0.0837
headgear,Dominant,-0.0837
550,Well-groomed,-0.0834
cloak,Competent,-0.0834
aegean,Confident,0.0833
islands,Confident,0.0833
crete,Confident,0.0833
including,Trustworthy,-0.0833
portus,Trustworthy,-0.0833
ostia,Trustworthy,-0.0833
including,Generous,-0.0831
portus,Generous,-0.0831
ostia,Generous,-0.0831
360,Attractive,0.0831
civica,Baby-faced,0.0831
corona,Baby-faced,0.0831
modern,Generous,-0.0830
end,Attractive,-0.0829
achaea,Baby-faced,-0.0829
forward,Energetic,0.0828
combed,Competent,0.0828
270,Intelligent,0.0828
civica,Masculine,-0.0826
corona,Masculine,-0.0826
building,Baby-faced,0.0825
tondo,Confident,0.0825
chiton,Masculine,-0.0824
statue,Intelligent,-0.0824
cloak,Well-groomed,-0.0823
300,Confident,0.0823
art,Baby-faced,0.0822
armour,Honest,0.0822
chlamys,Competent,-0.0821
aegyptus,Confident,-0.0821
roman,Competent,-0.0821
possibly,Intelligent,0.0820
greece,Well-groomed,0.0820
herm,Confident,0.0819
civica,Confident,-0.0818
corona,Confident,-0.0818
short-cropped,Baby-faced,-0.0818
cuirassed,Energetic,-0.0818
armour,Well-groomed,-0.0818
type,Confident,0.0817
wreath,Masculine,0.0813
cyprus,Energetic,-0.0813
possibly,Competent,0.0810
clean-shaven,Trustworthy,-0.0809
280,Well-groomed,0.0808
italy,Baby-faced,-0.0808
dacia,Generous,0.0807
insertion,Confident,-0.0806
550,Trustworthy,-0.0805
325,Masculine,-0.0805
collection,Energetic,-0.0805
280,Intelligent,0.0804
street,Well-groomed,0.0804
315,Energetic,-0.0803
caria,Rich,-0.0802
footwear,Energetic,-0.0802
footwear,Generous,0.0801
achaea,Dominant,0.0801
300,Generous,-0.0801
et,Old,-0.0800
insertion,Dominant,-0.0800
forward,Competent,0.0800
greece,Baby-faced,-0.0800
stone,Old,0.0799
sceptre,Well-groomed,-0.0799
set,Well-groomed,-0.0798
aquileia,Attractive,0.0798
histria,Attractive,0.0798
venetia,Attractive,0.0798
long,Competent,0.0797
pearl-edged,Baby-faced,0.0795
veiled,Trustworthy,0.0795
boots,Generous,0.0794
stubble,Intelligent,0.0794
sparta,Attractive,0.0794
possibly,Rich,0.0794
epirus,Baby-faced,-0.0790
thrace,Baby-faced,-0.0790
macedonia,Baby-faced,-0.0790
theatre,Intelligent,0.0790
mantle,Baby-faced,0.0789
agora,Rich,-0.0788
closed,Old,-0.0786
tall,Baby-faced,-0.0786
aegyptus,Honest,0.0785
sebasteion,Attractive,0.0785
alley,Attractive,0.0785
sleeved,Rich,-0.0785
street,Attractive,0.0784
550,Attractive,-0.0783
alexandria,Well-groomed,0.0783
purchased,Dominant,-0.0782
headgear,Well-groomed,-0.0782
500,Confident,0.0782
corinth,Honest,0.0781
corsica,Rich,-0.0781
sardinia,Rich,-0.0781
cuirassed,Attractive,-0.0780
bronze,Rich,-0.0780
covers,Dominant,0.0779
ears,Dominant,0.0779
325,Generous,-0.0779
epirus,Well-groomed,0.0779
thrace,Well-groomed,0.0779
macedonia,Well-groomed,0.0779
aegean,Well-groomed,0.0779
islands,Well-groomed,0.0779
crete,Well-groomed,0.0779
belgica,Dominant,0.0779
sleeved,Dominant,-0.0777
310,Baby-faced,0.0776
egypt,Competent,-0.0776
tetrarch,Generous,0.0775
face,Dominant,-0.0775
corsica,Dominant,-0.0774
sardinia,Dominant,-0.0774
280,Energetic,0.0773
central,Dominant,-0.0771
plain,Honest,0.0771
tondo,Attractive,0.0771
toga,Baby-faced,0.0770
aphrodisias,Competent,-0.0770
wreath-style,Honest,-0.0770
corinth,Generous,0.0769
long,Old,0.0768
collection,Masculine,-0.0768
stubble,Competent,0.0768
art,Masculine,-0.0766
cities,Well-groomed,-0.0766
officials,Well-groomed,-0.0766
institutions,Well-groomed,-0.0766
yes,Well-groomed,0.0765
building,Dominant,-0.0765
shield,Attractive,0.0764
sixth,Energetic,-0.0763
tunic,Dominant,-0.0763
emperor,Confident,-0.0763
later,Confident,0.0762
baths,Rich,-0.0762
290,Rich,0.0761
footwear,Old,-0.0761
campania,Baby-faced,-0.0760
re-cut,Attractive,-0.0758
fragments,Generous,0.0758
face,Rich,-0.0757
short-cropped,Energetic,0.0757
sword,Generous,0.0755
alexandria,Competent,0.0754
plain,Generous,0.0754
wreath-style,Competent,-0.0754
end,Well-groomed,-0.0754
end,Competent,-0.0754
shoulders,Masculine,0.0753
modern,Rich,0.0752
sicily,Energetic,0.0752
antique,Confident,-0.0752
cities,Competent,-0.0752
officials,Competent,-0.0752
institutions,Competent,-0.0752
closed,Generous,0.0751
wearing,Confident,-0.0751
record,Confident,0.0751
published,Confident,0.0751
group,Competent,-0.0750
upper,Old,0.0749
plain,Rich,-0.0748
asia,Intelligent,-0.0748
minor,Intelligent,-0.0748
ephesus,Intelligent,-0.0747
sword,Confident,-0.0746
constantinople,Masculine,-0.0744
mop,Intelligent,0.0743
female,Well-groomed,-0.0743
basilica,Masculine,0.0741
man,Attractive,0.0740
rome,Old,-0.0740
caria,Competent,-0.0739
forum,Intelligent,-0.0738
aphrodisias,Dominant,-0.0737
seated,Old,-0.0736
armour,Rich,-0.0735
campania,Well-groomed,0.0735
small,Competent,-0.0735
et,Dominant,-0.0734
belgica,Confident,0.0733
380,Rich,-0.0732
250,Energetic,0.0731
400,Attractive,0.0730
cyprus,Confident,-0.0730
wall,Baby-faced,-0.0729
strapped,Rich,-0.0728
provincial,Honest,0.0727
alexandria,Energetic,0.0726
small,Intelligent,-0.0726
ephesus,Well-groomed,-0.0726
awarder,Rich,0.0725
uncertain,Rich,0.0725
280,Rich,0.0724
laurel,Intelligent,-0.0724
art,Old,-0.0724
tall,Old,0.0724
corsica,Confident,-0.0724
sardinia,Confident,-0.0724
provincial,Rich,-0.0723
central,Confident,-0.0723
sleeved,Baby-faced,0.0723
including,Old,-0.0721
portus,Old,-0.0721
ostia,Old,-0.0721
sword,Dominant,-0.0720
lower,Intelligent,-0.0720
cuirassed,Trustworthy,-0.0720
environs,Energetic,-0.0719
strapped,Well-groomed,-0.0719
emperor,Rich,-0.0719
ephesus,Masculine,0.0718
aegean,Competent,0.0718
islands,Competent,0.0718
crete,Competent,0.0718
umbo,Competent,-0.0717
mid-fourth,Baby-faced,0.0716
westwards,Well-groomed,0.0716
byzacena,Well-groomed,0.0716
hairstyle,Competent,0.0715
head,Confident,0.0715
600,Rich,-0.0715
cap,Confident,-0.0714
group,Intelligent,-0.0713
emperor,Dominant,-0.0713
headgear,Trustworthy,0.0713
end,Rich,-0.0712
insertion,Generous,-0.0712
upper,Competent,-0.0712
villa,Intelligent,-0.0711
aegean,Dominant,0.0710
islands,Dominant,0.0710
crete,Dominant,0.0710
mantle,Generous,0.0709
porphyry,Honest,0.0709
encircling,Baby-faced,0.0708
probably,Baby-faced,0.0708
re-worked,Well-groomed,0.0708
roman,Attractive,-0.0706
sceptre,Attractive,-0.0705
plain,Old,-0.0705
standing,Intelligent,-0.0703
base,Well-groomed,-0.0702
magna,Well-groomed,0.0701
lepcis,Well-groomed,0.0701
purchased,Generous,0.0701
colobium,Attractive,-0.0701
sparta,Intelligent,0.0699
antique,Attractive,-0.0699
westwards,Masculine,-0.0697
byzacena,Masculine,-0.0697
cities,Baby-faced,0.0696
officials,Baby-faced,0.0696
institutions,Baby-faced,0.0696
italy,Honest,-0.0696
600,Baby-faced,0.0696
atrium,Energetic,0.0695
unknown,Energetic,0.0695
central,Trustworthy,-0.0695
environs,Trustworthy,-0.0694
re-worked,Attractive,0.0694
second,Intelligent,0.0694
young,Competent,-0.0691
magna,Honest,-0.0691
lepcis,Honest,-0.0691
clean-shaven,Confident,-0.0691
roma,Trustworthy,-0.0690
400,Trustworthy,0.0690
shoulders,Dominant,0.0689
fourth,Old,-0.0688
310,Rich,-0.0688
hairstyle,Intelligent,0.0688
magna,Trustworthy,-0.0687
lepcis,Trustworthy,-0.0687
short-cropped,Dominant,0.0687
bundle,Honest,-0.0686
420,Intelligent,-0.0685
holding,Well-groomed,-0.0685
sceptre,Trustworthy,-0.0684
shoulders,Confident,0.0684
caria,Well-groomed,-0.0684
alexandria,Old,0.0683
magna,Dominant,0.0683
lepcis,Dominant,0.0683
dacia,Baby-faced,-0.0683
south,Dominant,0.0682
encircling,Old,-0.0682
chlamys,Intelligent,-0.0682
roma,Old,-0.0682
record,Dominant,0.0681
published,Dominant,0.0681
acquired,Honest,-0.0681
unknown,Trustworthy,0.0681
ephesus,Competent,-0.0681
312,Attractive,0.0680
paludamentum,Trustworthy,0.0680
wreath,Energetic,0.0680
wall,Attractive,-0.0679
laurel,Competent,-0.0678
later,Old,0.0678
clean-shaven,Masculine,-0.0678
sebasteion,Energetic,0.0676
alley,Energetic,0.0676
scroll,Competent,-0.0676
male,Rich,0.0676
awarder,Well-groomed,0.0676
uncertain,Well-groomed,0.0676
500,Intelligent,-0.0675
unknown,Confident,0.0675
boots,Dominant,-0.0674
300,Competent,0.0674
toga,Intelligent,-0.0674
collection,Well-groomed,-0.0673
military,Confident,-0.0673
cloak,Rich,-0.0673
south,Old,0.0672
woman,Intelligent,-0.0672
probably,Old,-0.0671
agora,Generous,0.0671
boots,Energetic,-0.0670
empress,Energetic,-0.0670
porphyry,Rich,-0.0670
possibly,Dominant,0.0670
purchased,Attractive,-0.0669
covers,Trustworthy,0.0668
ears,Trustworthy,0.0668
headgear,Intelligent,-0.0667
420,Rich,-0.0667
short-cropped,Well-groomed,0.0666
small,Baby-faced,0.0666
young,Energetic,-0.0665
mop,Trustworthy,-0.0665
unknown,Baby-faced,-0.0665
proconsularis,Trustworthy,-0.0664
headless,Honest,0.0664
magna,Confident,0.0664
lepcis,Confident,0.0664
earlier,Attractive,0.0664
right,Old,0.0664
cloak,Old,-0.0663
type,Baby-faced,-0.0662
headless,Baby-faced,0.0661
unknown,Rich,0.0661
cyrenaica,Dominant,0.0661
tripolitania,Dominant,0.0661
eastern,Dominant,0.0661
roma,Generous,-0.0660
aegyptus,Competent,-0.0659
bundle,Competent,-0.0659
perge,Masculine,0.0659
plain,Competent,-0.0658
aphrodisias,Trustworthy,0.0657
sceptre,Rich,-0.0657
shield,Generous,0.0657
short-cropped,Intelligent,0.0656
armour,Masculine,-0.0655
bearded,Well-groomed,0.0654
upper,Confident,-0.0653
bust,Well-groomed,-0.0651
sword,Well-groomed,-0.0651
sebasteion,Confident,0.0651
alley,Confident,0.0651
bearded,Trustworthy,0.0651
right,Baby-faced,-0.0651
large,Energetic,-0.0650
sleeved,Masculine,-0.0650
290,Competent,0.0648
wreath-style,Rich,-0.0648
fifth,Trustworthy,-0.0647
awarder,Trustworthy,0.0646
uncertain,Trustworthy,0.0646
head,Intelligent,0.0646
420,Confident,-0.0645
holding,Old,-0.0645
theatre,Energetic,0.0645
sandals,Trustworthy,0.0644
set,Rich,0.0643
villa,Masculine,-0.0642
cuirassed,Intelligent,-0.0641
environs,Confident,-0.0641
rome,Honest,-0.0641
right,Attractive,-0.0640
fifth,Competent,-0.0640
ii,Intelligent,-0.0639
337,Dominant,0.0638
veiled,Competent,-0.0638
record,Masculine,0.0638
published,Masculine,0.0638
temple,Attractive,0.0638
colobium,Competent,-0.0638
epirus,Attractive,0.0638
thrace,Attractive,0.0638
macedonia,Attractive,0.0638
550,Old,0.0637
sword,Old,0.0637
cities,Honest,0.0637
officials,Honest,0.0637
institutions,Honest,0.0637
brow,Trustworthy,0.0636
aegyptus,Trustworthy,0.0636
house,Intelligent,-0.0636
central,Honest,-0.0636
alexandria,Confident,0.0636
statue,Attractive,-0.0636
280,Masculine,0.0635
pearl-edged,Intelligent,-0.0635
scroll,Honest,-0.0634
short,Rich,0.0633
statue,Dominant,-0.0633
street,Generous,-0.0633
hairstyle,Masculine,0.0632
closed,Honest,0.0632
284,Old,0.0632
later,Baby-faced,-0.0631
ephesus,Trustworthy,-0.0631
egypt,Well-groomed,-0.0631
standing,Old,-0.0631
shoulders,Energetic,0.0631
fragments,Honest,0.0631
aegean,Rich,0.0629
islands,Rich,0.0629
crete,Rich,0.0629
footwear,Honest,0.0629
italy,Dominant,0.0628
re-used,Trustworthy,0.0628
cyprus,Dominant,-0.0628
local,Baby-faced,-0.0628
emperor,Baby-faced,0.0628
mid-fourth,Trustworthy,-0.0628
shoulders,Baby-faced,-0.0627
370,Well-groomed,-0.0627
headgear,Attractive,-0.0627
veiled,Intelligent,-0.0627
probably,Rich,-0.0626
forum,Competent,-0.0626
porphyry,Competent,-0.0625
campania,Energetic,0.0625
later,Honest,0.0625
porphyry,Trustworthy,0.0625
short,Well-groomed,0.0625
greece,Attractive,0.0625
laurel,Energetic,0.0625
cloak,Honest,0.0624
building,Well-groomed,-0.0624
bust,Confident,-0.0624
danube,Old,0.0624
provinces,Old,0.0624
340,Old,-0.0623
sceptre,Baby-faced,0.0623
herm,Energetic,0.0623
hair,Old,0.0623
upper,Trustworthy,0.0622
west,Masculine,0.0622
stoa,Generous,0.0622
wreath,Dominant,0.0622
constantinople,Confident,-0.0620
antique,Trustworthy,-0.0619
east,Energetic,-0.0618
modern,Competent,0.0617
probably,Competent,-0.0616
near,Old,0.0615
magna,Masculine,0.0615
lepcis,Masculine,0.0615
magna,Energetic,0.0615
lepcis,Energetic,0.0615
civica,Dominant,-0.0614
corona,Dominant,-0.0614
purchased,Baby-faced,0.0614
alexandria,Dominant,0.0614
yes,Rich,0.0612
wreath-style,Attractive,-0.0611
central,Old,-0.0611
rome,Generous,-0.0611
man,Generous,-0.0611
sparta,Baby-faced,-0.0610
atrium,Confident,0.0610
standing,Energetic,-0.0610
forward,Attractive,0.0610
greece,Rich,0.0610
clean-shaven,Intelligent,-0.0610
constantius,Energetic,0.0609
end,Old,-0.0609
antique,Baby-faced,-0.0608
re-used,Masculine,-0.0607
500,Well-groomed,-0.0607
mid-fourth,Confident,-0.0607
perge,Confident,0.0607
600,Attractive,-0.0606
short-cropped,Honest,0.0606
315,Generous,-0.0606
312,Masculine,0.0606
inscribed,Baby-faced,0.0606
305,Old,0.0606
315,Old,-0.0606
villa,Baby-faced,0.0606
type,Energetic,0.0605
civica,Intelligent,-0.0605
corona,Intelligent,-0.0605
sword,Masculine,-0.0604
boots,Honest,0.0604
hair,Energetic,0.0603
shoulders,Well-groomed,0.0603
diocletian,Rich,0.0603
wall,Trustworthy,0.0602
wall,Generous,-0.0602
420,Honest,-0.0602
veiled,Energetic,-0.0602
small,Trustworthy,-0.0601
epirus,Old,0.0601
thrace,Old,0.0601
macedonia,Old,0.0601
280,Attractive,0.0600
fragment,Attractive,0.0600
empress,Generous,-0.0599
mop,Generous,0.0598
later,Competent,0.0598
armour,Dominant,-0.0598
type,Generous,-0.0598
sicily,Baby-faced,-0.0598
armour,Confident,-0.0597
lower,Energetic,-0.0597
porphyry,Confident,-0.0597
chlamys,Well-groomed,-0.0596
sixth,Trustworthy,-0.0596
house,Rich,-0.0595
cyrenaica,Trustworthy,-0.0595
tripolitania,Trustworthy,-0.0595
eastern,Trustworthy,-0.0595
villa,Competent,-0.0594
wreath,Baby-faced,-0.0594
footwear,Dominant,-0.0592
modern,Honest,-0.0591
caria,Trustworthy,0.0590
umbo,Well-groomed,-0.0590
bearded,Attractive,0.0589
baths,Well-groomed,-0.0588
pearl-edged,Generous,-0.0588
left,Attractive,-0.0588
life-size,Trustworthy,-0.0588
art,Generous,0.0587
woman,Rich,-0.0587
450,Attractive,0.0587
environs,Well-groomed,-0.0586
360,Baby-faced,0.0586
re-used,Dominant,-0.0586
south,Intelligent,-0.0585
310,Well-groomed,-0.0585
bronze,Generous,0.0585
brushed,Well-groomed,0.0585
statue,Honest,0.0584
separately,Attractive,0.0584
worked,Attractive,0.0584
end,Intelligent,-0.0583
hairstyle,Old,0.0583
brushed,Attractive,0.0583
building,Trustworthy,0.0583
re-cut,Trustworthy,-0.0583
constantinople,Dominant,-0.0582
athens,Rich,0.0581
awarder,Generous,0.0581
uncertain,Generous,0.0581
second,Energetic,-0.0580
asia,Rich,-0.0580
minor,Rich,-0.0580
early,Honest,-0.0579
male,Intelligent,0.0579
cyprus,Masculine,-0.0579
chlamys,Rich,-0.0578
330,Attractive,-0.0578
aphrodisias,Confident,-0.0578
beard,Old,0.0578
encircling,Honest,0.0578
stubble,Dominant,0.0577
belgica,Attractive,0.0577
constantius,Generous,0.0577
rome,Competent,-0.0575
face,Generous,0.0574
achaea,Rich,0.0574
small,Confident,-0.0573
military,Masculine,-0.0573
theatre,Competent,0.0573
laurel,Well-groomed,-0.0573
420,Competent,-0.0572
laurel,Honest,-0.0572
togate,Honest,0.0571
shield,Dominant,0.0571
450,Trustworthy,-0.0570
young,Honest,0.0570
face,Trustworthy,0.0569
bearded,Honest,0.0569
aegean,Energetic,0.0569
islands,Energetic,0.0569
crete,Energetic,0.0569
area,Old,-0.0568
re-used,Competent,-0.0568
group,Confident,-0.0567
scroll,Rich,-0.0567
south,Competent,0.0566
bundle,Rich,-0.0566
near,Attractive,-0.0566
rome,Baby-faced,0.0565
brushed,Intelligent,0.0565
mop,Well-groomed,-0.0565
africa,Generous,-0.0565
modern,Trustworthy,-0.0565
building,Confident,-0.0564
ii,Rich,-0.0564
crown,Attractive,0.0564
420,Generous,-0.0564
hairstyle,Well-groomed,0.0564
achaea,Generous,0.0563
jewelled,Old,0.0563
pamphylia,Old,0.0563
stubble,Rich,0.0563
sparta,Rich,0.0563
headless,Generous,0.0562
provincial,Baby-faced,0.0562
bundle,Baby-faced,0.0562
encircling,Well-groomed,-0.0562
300,Well-groomed,0.0562
record,Generous,0.0562
published,Generous,0.0562
260,Baby-faced,0.0561
400,Energetic,0.0560
315,Honest,-0.0560
cap,Energetic,-0.0560
sword,Rich,-0.0560
chlamys,Energetic,-0.0559
toga,Attractive,-0.0558
headless,Masculine,-0.0558
diocletian,Attractive,-0.0558
combed,Baby-faced,-0.0558
provincial,Competent,-0.0557
closed,Dominant,-0.0557
re-worked,Baby-faced,-0.0556
closed,Energetic,-0.0556
cap,Dominant,-0.0556
male,Well-groomed,0.0555
purchased,Well-groomed,-0.0555
mantle,Competent,-0.0555
young,Well-groomed,-0.0554
caria,Dominant,-0.0554
earlier,Honest,0.0554
epirus,Rich,0.0554
thrace,Rich,0.0554
macedonia,Rich,0.0554
histria,Well-groomed,0.0553
venetia,Well-groomed,0.0553
fourth,Energetic,0.0553
basilica,Well-groomed,-0.0553
earlier,Energetic,0.0552
mop,Energetic,-0.0552
baths,Dominant,-0.0551
atrium,Attractive,0.0551
sebasteion,Old,-0.0551
alley,Old,-0.0551
local,Energetic,0.0551
later,Dominant,0.0549
cuirassed,Baby-faced,0.0549
greece,Old,0.0549
insertion,Old,-0.0549
armour,Trustworthy,0.0549
550,Dominant,-0.0548
combed,Trustworthy,-0.0548
agora,Intelligent,-0.0548
imperial,Attractive,0.0547
290,Energetic,-0.0547
balkans,Well-groomed,0.0547
sebasteion,Dominant,0.0546
alley,Dominant,0.0546
armour,Baby-faced,0.0546
clean-shaven,Dominant,-0.0545
bust,Dominant,0.0545
central,Rich,0.0544
campania,Confident,0.0543
sleeved,Trustworthy,-0.0543
armour,Competent,-0.0542
bundle,Masculine,0.0542
purchased,Rich,-0.0542
roma,Baby-faced,0.0542
left,Energetic,-0.0541
near,Competent,-0.0540
brow,Rich,0.0540
art,Well-groomed,-0.0540
dacia,Trustworthy,0.0540
diadem,Energetic,-0.0540
emperor,Competent,-0.0540
strapped,Attractive,-0.0538
campania,Honest,-0.0538
sword,Competent,-0.0538
late,Well-groomed,0.0538
separately,Masculine,0.0538
worked,Masculine,0.0538
corsica,Masculine,-0.0538
sardinia,Masculine,-0.0538
380,Masculine,0.0538
strapped,Dominant,-0.0537
corinth,Intelligent,-0.0537
rome,Trustworthy,-0.0537
forward,Well-groomed,0.0536
west,Old,-0.0535
balkans,Rich,0.0535
art,Attractive,-0.0534
425,Confident,-0.0534
early,Generous,-0.0534
fragment,Baby-faced,0.0534
group,Masculine,-0.0533
military,Attractive,-0.0533
italy,Confident,0.0533
400,Generous,0.0532
caria,Confident,-0.0532
himation,Baby-faced,0.0531
aegean,Attractive,0.0531
islands,Attractive,0.0531
crete,Attractive,0.0531
separately,Rich,-0.0531
worked,Rich,-0.0531
upper,Dominant,-0.0531
325,Confident,-0.0530
temple,Trustworthy,0.0530
re-worked,Competent,0.0530
unknown,Old,0.0530
315,Intelligent,0.0529
330,Old,0.0529
short-cropped,Masculine,0.0529
face,Energetic,0.0528
forum,Baby-faced,0.0527
cyrenaica,Intelligent,-0.0527
tripolitania,Intelligent,-0.0527
eastern,Intelligent,-0.0527
crown,Energetic,0.0527
city,Energetic,-0.0527
herm,Generous,0.0525
possibly,Masculine,0.0524
covers,Energetic,0.0524
ears,Energetic,0.0524
fragmentary,Old,-0.0523
himation,Generous,0.0523
cities,Attractive,-0.0522
officials,Attractive,-0.0522
institutions,Attractive,-0.0522
cities,Dominant,-0.0522
officials,Dominant,-0.0522
institutions,Dominant,-0.0522
wreath,Trustworthy,0.0521
right,Well-groomed,-0.0521
unknown,Honest,0.0521
stoa,Competent,-0.0520
near,Honest,0.0520
early,Old,-0.0520
375,Well-groomed,0.0520
wreath,Confident,0.0519
inscribed,Well-groomed,-0.0519
balkans,Generous,0.0519
woman,Trustworthy,-0.0519
military,Energetic,-0.0519
herm,Trustworthy,0.0518
toga,Rich,-0.0517
small,Old,-0.0517
balkans,Attractive,0.0517
early,Masculine,-0.0517
head,Honest,-0.0516
fourth,Attractive,0.0516
left,Masculine,0.0516
forward,Intelligent,0.0516
337,Well-groomed,-0.0516
fragmentary,Trustworthy,-0.0516
headgear,Baby-faced,0.0515
roman,Confident,-0.0515
acquired,Generous,-0.0515
ephesus,Dominant,0.0515
340,Honest,-0.0514
tunic,Generous,0.0513
campania,Old,0.0513
325,Dominant,-0.0512
epirus,Generous,0.0512
thrace,Generous,0.0512
macedonia,Generous,0.0512
provenance,Baby-faced,-0.0512
asia,Masculine,0.0511
minor,Masculine,0.0511
ephesus,Old,0.0511
modern,Intelligent,0.0511
south,Generous,0.0511
art,Intelligent,-0.0511
footwear,Attractive,-0.0511
fragment,Old,-0.0509
312,Well-groomed,-0.0508
house,Honest,0.0508
tetrarch,Attractive,-0.0507
600,Competent,-0.0507
tetrarch,Energetic,0.0507
tetrarch,Trustworthy,0.0506
egypt,Trustworthy,0.0505
campania,Masculine,0.0505
campania,Dominant,0.0505
standing,Trustworthy,-0.0504
collection,Attractive,-0.0504
umbo,Rich,-0.0504
corinth,Confident,0.0504
environs,Competent,-0.0504
forum,Generous,-0.0504
380,Competent,-0.0503
diocletian,Honest,-0.0503
headless,Competent,-0.0502
320,Trustworthy,-0.0501
villa,Trustworthy,0.0501
constantius,Attractive,-0.0500
280,Baby-faced,-0.0500
military,Dominant,-0.0499
civica,Well-groomed,-0.0499
corona,Well-groomed,-0.0499
art,Rich,-0.0499
bust,Trustworthy,-0.0498
sparta,Confident,0.0498
sandals,Energetic,-0.0498
corsica,Old,-0.0497
sardinia,Old,-0.0497
magna,Rich,0.0497
lepcis,Rich,0.0497
hairstyle,Honest,-0.0496
tall,Rich,0.0496
athens,Old,0.0495
sixth,Generous,0.0495
330,Dominant,-0.0495
face,Well-groomed,0.0494
337,Baby-faced,0.0494
colossal,Attractive,0.0493
left,Old,0.0493
colobium,Old,0.0493
600,Intelligent,-0.0493
north,Rich,-0.0493
corsica,Baby-faced,0.0492
sardinia,Baby-faced,0.0492
encircling,Trustworthy,0.0492
roman,Old,-0.0491
cyrenaica,Generous,-0.0491
tripolitania,Generous,-0.0491
eastern,Generous,-0.0491
temple,Masculine,0.0491
city,Well-groomed,-0.0491
porphyry,Masculine,-0.0490
record,Competent,0.0490
published,Competent,0.0490
veiled,Masculine,-0.0489
provincial,Dominant,-0.0488
belgica,Energetic,0.0487
base,Masculine,-0.0487
crown,Confident,0.0487
small,Honest,-0.0486
500,Dominant,0.0486
proconsularis,Masculine,-0.0486
east,Attractive,-0.0485
320,Baby-faced,-0.0485
paludamentum,Rich,-0.0485
braid,Competent,-0.0485
including,Honest,-0.0484
portus,Honest,-0.0484
ostia,Honest,-0.0484
310,Trustworthy,0.0484
alexandria,Baby-faced,-0.0483
life-size,Rich,-0.0483
theatre,Confident,0.0483
fillet,Generous,0.0482
260,Confident,-0.0482
atrium,Old,-0.0482
life-size,Competent,-0.0481
street,Honest,-0.0481
separately,Trustworthy,-0.0480
worked,Trustworthy,-0.0480
380,Honest,-0.0480
330,Energetic,-0.0480
shoulders,Honest,-0.0480
cuirassed,Masculine,-0.0479
right,Energetic,-0.0479
fifth,Generous,0.0479
500,Rich,-0.0479
atrium,Generous,0.0478
half,Honest,-0.0478
greece,Generous,0.0477
re-worked,Rich,0.0477
stoa,Baby-faced,0.0476
statue,Masculine,-0.0476
370,Intelligent,-0.0476
large,Well-groomed,-0.0475
sicily,Old,0.0475
shield,Old,-0.0475
proconsularis,Generous,-0.0474
jewelled,Attractive,-0.0474
building,Competent,-0.0474
headgear,Rich,-0.0473
seated,Baby-faced,0.0472
city,Attractive,-0.0472
inscribed,Attractive,0.0471
sicily,Honest,-0.0471
histria,Energetic,0.0471
venetia,Energetic,0.0471
near,Dominant,-0.0469
312,Competent,-0.0469
including,Baby-faced,0.0469
portus,Baby-faced,0.0469
ostia,Baby-faced,0.0469
standing,Confident,-0.0468
tetrarch,Baby-faced,-0.0468
beard,Attractive,0.0467
cap,Well-groomed,-0.0467
probably,Energetic,0.0467
600,Well-groomed,-0.0467
egypt,Intelligent,-0.0467
proconsularis,Well-groomed,0.0467
scroll,Baby-faced,0.0466
west,Competent,-0.0466
temple,Energetic,0.0466
chiton,Dominant,-0.0465
paludamentum,Attractive,0.0465
himation,Dominant,0.0464
mop,Honest,0.0464
life-size,Well-groomed,-0.0464
second,Confident,-0.0463
road,Baby-faced,-0.0463
togate,Baby-faced,0.0463
paludamentum,Energetic,0.0463
hairstyle,Attractive,-0.0462
hairstyle,Confident,0.0462
315,Trustworthy,-0.0462
collection,Baby-faced,0.0462
stubble,Attractive,0.0462
ephesus,Generous,0.0462
320,Dominant,0.0462
colobium,Honest,-0.0461
long,Rich,0.0461
lower,Baby-faced,0.0461
provincial,Well-groomed,-0.0460
370,Competent,-0.0460
250,Confident,0.0459
face,Masculine,-0.0459
alexandria,Rich,0.0459
left,Well-groomed,-0.0458
headless,Trustworthy,0.0458
constantius,Trustworthy,0.0458
310,Competent,-0.0457
diocletian,Generous,-0.0457
scroll,Masculine,0.0456
284,Intelligent,-0.0456
colobium,Masculine,-0.0456
wearing,Energetic,-0.0456
290,Honest,0.0456
312,Rich,-0.0455
veiled,Dominant,-0.0455
roma,Competent,-0.0455
colossal,Masculine,0.0455
set,Dominant,0.0454
312,Old,-0.0454
headless,Well-groomed,-0.0454
cuirassed,Generous,0.0453
320,Masculine,0.0452
bust,Baby-faced,0.0452
330,Honest,0.0451
art,Confident,-0.0451
cloak,Intelligent,-0.0450
stubble,Well-groomed,0.0450
small,Masculine,-0.0450
stone,Baby-faced,-0.0450
near,Rich,-0.0450
strapped,Baby-faced,0.0449
sparta,Energetic,0.0449
baths,Attractive,-0.0448
villa,Dominant,-0.0448
337,Masculine,0.0448
late,Attractive,0.0448
stoa,Well-groomed,-0.0448
bronze,Honest,0.0448
military,Competent,-0.0447
palace,Baby-faced,-0.0447
belt,Well-groomed,-0.0447
constantius,Baby-faced,-0.0447
awarder,Attractive,0.0447
uncertain,Attractive,0.0447
group,Baby-faced,0.0447
street,Confident,0.0446
proconsularis,Old,-0.0446
veiled,Rich,-0.0446
stone,Energetic,0.0445
chlamys,Confident,-0.0445
375,Attractive,0.0445
small,Generous,-0.0444
west,Energetic,0.0444
central,Well-groomed,0.0444
stubble,Old,0.0443
western,Masculine,-0.0443
large,Attractive,-0.0443
possibly,Trustworthy,0.0442
337,Rich,-0.0442
sandals,Competent,-0.0442
headgear,Generous,0.0442
small,Attractive,0.0442
shoulders,Competent,0.0442
athens,Honest,-0.0442
375,Dominant,-0.0442
upper,Well-groomed,-0.0441
312,Honest,-0.0441
fragment,Trustworthy,-0.0441
separately,Energetic,0.0441
worked,Energetic,0.0441
312,Generous,-0.0441
315,Attractive,0.0440
near,Masculine,-0.0440
atrium,Intelligent,-0.0440
dacia,Honest,0.0440
diadem,Generous,-0.0439
east,Confident,-0.0438
340,Baby-faced,0.0438
covers,Masculine,0.0437
ears,Masculine,0.0437
280,Trustworthy,0.0437
325,Well-groomed,0.0437
basilica,Confident,0.0436
fillet,Trustworthy,0.0436
mop,Masculine,-0.0436
severan,Energetic,0.0435
wall,Confident,-0.0435
stoa,Masculine,0.0434
art,Dominant,-0.0434
face,Competent,-0.0434
sparta,Trustworthy,0.0433
chlamys,Generous,0.0433
umbo,Trustworthy,-0.0432
roman,Dominant,-0.0432
atrium,Honest,0.0432
290,Attractive,-0.0432
tetrarch,Honest,0.0432
group,Well-groomed,-0.0432
road,Rich,0.0431
337,Honest,0.0431
420,Well-groomed,0.0431
covers,Attractive,-0.0430
ears,Attractive,-0.0430
corsica,Competent,-0.0430
sardinia,Competent,-0.0430
tondo,Dominant,0.0430
magna,Competent,0.0430
lepcis,Competent,0.0430
aquileia,Dominant,-0.0430
young,Attractive,-0.0429
aegean,Baby-faced,-0.0428
islands,Baby-faced,-0.0428
crete,Baby-faced,-0.0428
325,Intelligent,0.0428
half,Trustworthy,-0.0428
wreath,Old,0.0428
constantinople,Energetic,-0.0426
cap,Masculine,-0.0425
re-used,Confident,-0.0425
veiled,Well-groomed,-0.0425
bust,Attractive,-0.0425
separately,Honest,-0.0425
worked,Honest,-0.0425
west,Intelligent,-0.0425
forum,Energetic,0.0425
fifth,Confident,-0.0424
mid-fourth,Attractive,0.0424
wall,Well-groomed,0.0424
280,Old,0.0424
possibly,Confident,0.0423
life-size,Old,-0.0423
combed,Dominant,0.0422
street,Trustworthy,-0.0421
probably,Trustworthy,-0.0421
severan,Attractive,-0.0420
probably,Generous,0.0420
hairstyle,Generous,-0.0420
near,Intelligent,-0.0420
sandals,Old,-0.0420
rome,Confident,-0.0420
400,Old,-0.0419
600,Confident,-0.0419
perge,Competent,0.0419
acquired,Intelligent,0.0418
danube,Baby-faced,-0.0418
provinces,Baby-faced,-0.0418
boots,Attractive,-0.0418
temple,Intelligent,-0.0418
cyrenaica,Confident,0.0417
tripolitania,Confident,0.0417
eastern,Confident,0.0417
histria,Dominant,-0.0417
venetia,Dominant,-0.0417
boots,Intelligent,-0.0417
headless,Confident,-0.0417
fibula,Old,0.0417
re-used,Energetic,-0.0417
large,Confident,-0.0416
corinth,Old,-0.0416
aquileia,Energetic,0.0416
270,Attractive,0.0415
ii,Competent,-0.0414
agora,Dominant,0.0414
310,Dominant,-0.0413
separately,Generous,-0.0413
worked,Generous,-0.0413
upper,Attractive,-0.0413
450,Old,-0.0413
tall,Attractive,-0.0412
tunic,Attractive,-0.0411
belgica,Honest,-0.0411
alexandria,Intelligent,0.0411
420,Old,-0.0411
bronze,Masculine,-0.0410
mop,Competent,-0.0409
320,Generous,-0.0409
275,Generous,-0.0409
basilica,Old,-0.0409
gaul,Honest,-0.0409
germany,Honest,-0.0409
mantle,Well-groomed,-0.0409
seated,Energetic,-0.0409
constantius,Honest,0.0408
proconsularis,Baby-faced,0.0408
420,Masculine,-0.0408
constantinople,Attractive,-0.0408
civica,Old,-0.0408
corona,Old,-0.0408
recorded,Rich,0.0408
asia,Energetic,-0.0407
minor,Energetic,-0.0407
400,Confident,0.0407
life-size,Baby-faced,0.0406
late,Trustworthy,-0.0406
art,Competent,-0.0406
military,Well-groomed,-0.0406
achaea,Old,0.0406
recorded,Trustworthy,-0.0406
severan,Rich,0.0405
end,Masculine,0.0405
inscribed,Competent,-0.0404
histria,Trustworthy,0.0404
venetia,Trustworthy,0.0404
bust,Masculine,-0.0404
sicily,Confident,0.0403
cyprus,Old,-0.0402
severan,Masculine,-0.0402
brushed,Old,0.0402
probably,Well-groomed,-0.0402
260,Trustworthy,-0.0401
street,Masculine,0.0401
head,Masculine,0.0399
wearing,Generous,0.0399
holding,Dominant,0.0399
large,Trustworthy,-0.0399
284,Honest,-0.0398
north,Intelligent,-0.0398
forum,Honest,-0.0398
375,Energetic,0.0398
400,Masculine,0.0398
hairstyle,Dominant,0.0397
west,Generous,0.0396
separately,Old,-0.0396
worked,Old,-0.0396
330,Well-groomed,-0.0396
theatre,Honest,0.0396
atrium,Dominant,0.0396
cap,Competent,-0.0396
aegyptus,Dominant,-0.0396
roma,Rich,-0.0395
wreath,Generous,0.0395
wreath-style,Masculine,0.0395
agora,Energetic,0.0395
cities,Confident,-0.0395
officials,Confident,-0.0395
institutions,Confident,-0.0395
temple,Confident,0.0394
370,Confident,-0.0394
yes,Baby-faced,-0.0394
aegean,Generous,-0.0394
islands,Generous,-0.0394
crete,Generous,-0.0394
aegean,Intelligent,0.0394
islands,Intelligent,0.0394
crete,Intelligent,0.0394
340,Competent,-0.0393
chiton,Generous,0.0393
face,Honest,0.0393
face,Old,-0.0393
porphyry,Dominant,-0.0392
250,Generous,-0.0392
500,Baby-faced,-0.0392
284,Trustworthy,-0.0391
stone,Generous,0.0390
record,Rich,0.0390
published,Rich,0.0390
et,Rich,-0.0390
aegean,Masculine,0.0390
islands,Masculine,0.0390
crete,Masculine,0.0390
insertion,Baby-faced,0.0390
fillet,Honest,0.0390
togate,Old,-0.0389
agora,Confident,0.0389
shoulders,Old,0.0389
330,Generous,0.0388
large,Generous,-0.0388
combed,Masculine,0.0388
set,Attractive,-0.0388
sandals,Baby-faced,0.0388
dalmatia,Old,0.0388
baths,Generous,0.0388
military,Rich,-0.0388
380,Dominant,0.0387
face,Confident,-0.0387
woman,Well-groomed,-0.0387
collection,Old,-0.0387
corsica,Energetic,-0.0386
sardinia,Energetic,-0.0386
proconsularis,Energetic,-0.0386
emperor,Energetic,-0.0386
wearing,Masculine,-0.0386
house,Dominant,0.0385
group,Trustworthy,-0.0385
upper,Baby-faced,0.0385
male,Attractive,0.0385
ephesus,Attractive,-0.0385
rome,Masculine,-0.0385
house,Attractive,0.0384
man,Honest,-0.0384
shield,Honest,0.0384
dalmatia,Baby-faced,-0.0384
art,Trustworthy,-0.0384
road,Generous,-0.0384
type,Masculine,0.0384
360,Well-groomed,0.0382
brow,Honest,-0.0382
275,Confident,-0.0382
sebasteion,Masculine,0.0382
alley,Masculine,0.0382
palace,Rich,-0.0381
young,Intelligent,-0.0381
set,Confident,-0.0381
cities,Old,-0.0381
officials,Old,-0.0381
institutions,Old,-0.0381
cities,Intelligent,-0.0381
officials,Intelligent,-0.0381
institutions,Intelligent,-0.0381
425,Well-groomed,0.0379
atrium,Masculine,0.0378
fourth,Trustworthy,0.0378
cyrenaica,Honest,-0.0378
tripolitania,Honest,-0.0378
eastern,Honest,-0.0378
campania,Intelligent,-0.0377
forum,Rich,-0.0377
roman,Baby-faced,0.0377
headless,Energetic,-0.0377
337,Competent,-0.0377
perge,Dominant,0.0377
modern,Baby-faced,-0.0377
baths,Confident,-0.0376
rome,Dominant,-0.0376
305,Attractive,-0.0376
face,Intelligent,-0.0375
340,Trustworthy,-0.0375
clean-shaven,Attractive,-0.0374
300,Dominant,0.0374
africa,Well-groomed,0.0374
stubble,Honest,0.0373
asia,Baby-faced,0.0373
minor,Baby-faced,0.0373
250,Well-groomed,0.0373
scroll,Well-groomed,-0.0373
ephesus,Energetic,-0.0373
insertion,Honest,-0.0373
clean-shaven,Energetic,-0.0373
fragmentary,Masculine,0.0373
boots,Trustworthy,-0.0373
including,Competent,-0.0373
portus,Competent,-0.0373
ostia,Competent,-0.0373
city,Honest,0.0373
275,Masculine,-0.0372
dacia,Well-groomed,-0.0372
colossal,Honest,0.0372
south,Trustworthy,0.0371
villa,Old,-0.0371
set,Intelligent,0.0370
inscribed,Dominant,0.0370
aegyptus,Well-groomed,-0.0370
wall,Competent,0.0370
east,Baby-faced,-0.0370
sparta,Old,0.0369
275,Rich,-0.0369
purchased,Energetic,0.0369
half,Energetic,-0.0369
cyprus,Baby-faced,0.0368
achaea,Honest,0.0368
recorded,Generous,-0.0367
large,Old,-0.0366
rome,Intelligent,-0.0366
egypt,Dominant,-0.0365
wreath-style,Well-groomed,-0.0365
stubble,Trustworthy,-0.0365
wall,Masculine,-0.0364
later,Intelligent,0.0362
tetrarch,Confident,0.0362
275,Well-groomed,0.0362
emperor,Intelligent,-0.0361
footwear,Masculine,-0.0361
imperial,Confident,0.0360
house,Masculine,0.0360
260,Masculine,-0.0360
sparta,Masculine,0.0360
corinth,Baby-faced,0.0360
large,Intelligent,0.0359
diocletian,Dominant,0.0359
roman,Honest,-0.0359
awarder,Honest,0.0358
uncertain,Honest,0.0358
330,Competent,0.0358
stone,Dominant,-0.0358
fibula,Intelligent,-0.0358
near,Well-groomed,-0.0358
road,Trustworthy,-0.0358
early,Trustworthy,-0.0357
western,Well-groomed,0.0357
balkans,Trustworthy,0.0357
jewelled,Generous,-0.0357
combed,Energetic,-0.0357
375,Old,-0.0356
umbo,Intelligent,-0.0356
face,Baby-faced,0.0354
roma,Confident,-0.0354
africa,Confident,0.0354
constantius,Intelligent,0.0353
310,Old,-0.0353
early,Baby-faced,0.0353
female,Trustworthy,-0.0352
man,Trustworthy,-0.0351
mid-fourth,Rich,-0.0350
roman,Intelligent,-0.0350
half,Intelligent,0.0350
villa,Generous,0.0349
campania,Generous,-0.0349
holding,Baby-faced,0.0349
forward,Old,0.0349
holding,Trustworthy,-0.0348
palace,Energetic,0.0347
cloak,Energetic,-0.0347
chlamys,Attractive,-0.0347
belgica,Baby-faced,-0.0347
himation,Attractive,0.0346
360,Old,-0.0345
italy,Old,0.0345
shield,Masculine,0.0345
sebasteion,Generous,0.0345
alley,Generous,0.0345
wreath,Well-groomed,-0.0345
west,Baby-faced,0.0344
sicily,Attractive,-0.0344
fillet,Energetic,0.0344
mop,Baby-faced,0.0343
half,Confident,-0.0343
type,Dominant,0.0343
provincial,Old,-0.0342
later,Energetic,0.0342
sandals,Masculine,-0.0342
type,Honest,-0.0342
veiled,Old,0.0341
life-size,Dominant,-0.0341
375,Generous,-0.0341
standing,Masculine,0.0340
fragment,Rich,-0.0340
collection,Generous,-0.0340
environs,Rich,-0.0340
house,Generous,0.0340
sword,Trustworthy,0.0339
emperor,Old,-0.0339
africa,Energetic,0.0339
histria,Generous,-0.0338
venetia,Generous,-0.0338
wearing,Old,0.0338
425,Rich,-0.0338
320,Energetic,-0.0338
city,Old,0.0338
westwards,Dominant,-0.0338
byzacena,Dominant,-0.0338
imperial,Dominant,0.0338
colossal,Confident,0.0337
300,Intelligent,0.0337
284,Rich,-0.0337
550,Generous,0.0337
basilica,Dominant,0.0336
villa,Rich,-0.0335
togate,Trustworthy,0.0335
unknown,Dominant,0.0335
covers,Confident,0.0335
ears,Confident,0.0335
late,Rich,0.0334
east,Rich,-0.0334
asia,Well-groomed,-0.0333
minor,Well-groomed,-0.0333
aquileia,Well-groomed,0.0333
caria,Masculine,0.0332
chlamys,Honest,0.0332
veiled,Generous,0.0332
braid,Trustworthy,-0.0332
end,Honest,-0.0332
350,Trustworthy,-0.0331
agora,Trustworthy,0.0331
325,Rich,0.0331
half,Rich,-0.0330
base,Trustworthy,-0.0330
cloak,Confident,-0.0329
half,Dominant,-0.0329
set,Honest,0.0328
425,Baby-faced,0.0328
belt,Old,0.0328
mid,Generous,-0.0328
belt,Honest,0.0328
magna,Attractive,0.0328
lepcis,Attractive,0.0328
emperor,Trustworthy,0.0328
africa,Dominant,0.0327
possibly,Honest,-0.0327
fourth,Baby-faced,0.0327
early,Rich,-0.0326
early,Intelligent,-0.0326
basilica,Honest,-0.0326
337,Generous,0.0325
312,Dominant,0.0325
315,Confident,-0.0324
aquileia,Generous,-0.0324
closed,Attractive,-0.0323
275,Dominant,-0.0323
wearing,Honest,0.0323
corinth,Attractive,0.0323
300,Energetic,0.0323
separately,Intelligent,-0.0323
worked,Intelligent,-0.0323
laurel,Masculine,0.0322
base,Old,-0.0322
area,Rich,0.0322
sandals,Confident,-0.0322
africa,Intelligent,-0.0322
atrium,Trustworthy,0.0322
street,Old,-0.0321
laurel,Confident,0.0321
recorded,Old,0.0321
420,Dominant,-0.0320
constantius,Confident,0.0320
340,Generous,-0.0320
empress,Rich,0.0320
sandals,Well-groomed,-0.0320
aphrodisias,Baby-faced,0.0320
severan,Old,-0.0319
cap,Rich,-0.0319
encircling,Generous,-0.0319
rome,Rich,-0.0318
provincial,Attractive,-0.0318
early,Confident,-0.0318
sebasteion,Well-groomed,0.0317
alley,Well-groomed,0.0317
modern,Attractive,-0.0317
sleeved,Generous,0.0317
environs,Attractive,-0.0317
atrium,Baby-faced,0.0317
purchased,Masculine,-0.0316
antique,Dominant,0.0316
short-cropped,Generous,0.0316
gaul,Attractive,0.0316
germany,Attractive,0.0316
gaul,Generous,-0.0316
germany,Generous,-0.0316
severan,Well-groomed,0.0315
chlamys,Baby-faced,0.0315
jewelled,Baby-faced,-0.0315
forward,Honest,-0.0315
recorded,Honest,-0.0314
paludamentum,Masculine,-0.0314
sandals,Generous,0.0314
street,Rich,0.0314
284,Masculine,0.0314
recorded,Energetic,-0.0313
fibula,Well-groomed,0.0312
veiled,Attractive,-0.0312
encircling,Intelligent,0.0312
brow,Energetic,-0.0311
combed,Confident,0.0311
sceptre,Honest,0.0311
260,Dominant,-0.0311
mop,Old,0.0311
imperial,Masculine,0.0310
combed,Old,0.0310
house,Energetic,0.0310
atrium,Rich,-0.0310
long,Intelligent,0.0310
360,Intelligent,-0.0310
450,Intelligent,-0.0310
cloak,Masculine,-0.0309
380,Old,-0.0309
short,Honest,0.0308
roma,Energetic,-0.0308
italy,Masculine,0.0308
encircling,Competent,-0.0308
bust,Competent,-0.0308
et,Honest,-0.0308
military,Old,0.0308
sword,Baby-faced,0.0308
veiled,Baby-faced,0.0308
perge,Energetic,0.0308
370,Baby-faced,0.0308
left,Trustworthy,0.0308
including,Energetic,-0.0307
portus,Energetic,-0.0307
ostia,Energetic,-0.0307
inscribed,Trustworthy,-0.0307
600,Generous,0.0307
550,Intelligent,-0.0307
450,Competent,-0.0307
sebasteion,Honest,0.0307
alley,Honest,0.0307
bronze,Confident,-0.0306
colossal,Energetic,0.0305
umbo,Honest,0.0305
mantle,Energetic,-0.0304
450,Generous,0.0304
325,Trustworthy,0.0304
city,Confident,-0.0303
histria,Intelligent,0.0303
venetia,Intelligent,0.0303
mid-fourth,Masculine,-0.0303
covers,Old,0.0303
ears,Old,0.0303
sicily,Trustworthy,0.0302
alexandria,Generous,0.0302
theatre,Rich,0.0302
325,Old,0.0301
east,Well-groomed,-0.0301
284,Competent,-0.0301
bundle,Trustworthy,-0.0301
group,Dominant,-0.0301
beard,Honest,0.0299
type,Well-groomed,0.0299
footwear,Intelligent,-0.0299
street,Baby-faced,-0.0299
proconsularis,Attractive,0.0299
crown,Competent,0.0299
sleeved,Honest,0.0298
fifth,Dominant,-0.0298
wall,Rich,0.0298
epirus,Trustworthy,0.0298
thrace,Trustworthy,0.0298
macedonia,Trustworthy,0.0298
insertion,Competent,-0.0296
diocletian,Well-groomed,0.0296
environs,Baby-faced,0.0296
area,Baby-faced,0.0296
half,Attractive,0.0295
cyprus,Competent,-0.0295
310,Confident,-0.0295
fragments,Dominant,-0.0295
mantle,Attractive,0.0295
cyrenaica,Rich,-0.0294
tripolitania,Rich,-0.0294
eastern,Rich,-0.0294
egypt,Energetic,-0.0294
strapped,Trustworthy,-0.0294
palace,Dominant,-0.0294
west,Well-groomed,-0.0293
boots,Masculine,-0.0293
fragment,Dominant,-0.0293
bundle,Dominant,0.0293
fourth,Confident,0.0293
danube,Masculine,0.0293
provinces,Masculine,0.0293
local,Generous,0.0292
theatre,Dominant,-0.0292
female,Attractive,-0.0292
370,Old,-0.0292
imperial,Well-groomed,0.0291
425,Generous,-0.0291
gaul,Trustworthy,-0.0290
germany,Trustworthy,-0.0290
closed,Intelligent,-0.0290
westwards,Honest,0.0290
byzacena,Honest,0.0290
crown,Honest,0.0290
provincial,Confident,-0.0290
312,Intelligent,-0.0290
280,Dominant,0.0290
purchased,Honest,0.0290
cyprus,Rich,-0.0289
ephesus,Rich,-0.0289
probably,Honest,-0.0289
et,Baby-faced,0.0289
temple,Generous,0.0288
fillet,Intelligent,0.0288
togate,Competent,-0.0288
colossal,Dominant,0.0287
diadem,Rich,-0.0287
palace,Well-groomed,0.0287
sceptre,Masculine,-0.0287
paludamentum,Baby-faced,0.0286
cyprus,Well-groomed,-0.0286
laurel,Attractive,-0.0286
provenance,Trustworthy,0.0286
western,Attractive,-0.0286
bundle,Well-groomed,-0.0286
et,Generous,-0.0285
cyrenaica,Energetic,0.0285
tripolitania,Energetic,0.0285
eastern,Energetic,0.0285
cyrenaica,Baby-faced,-0.0285
tripolitania,Baby-faced,-0.0285
eastern,Baby-faced,-0.0285
group,Generous,-0.0284
fragmentary,Well-groomed,-0.0284
hairstyle,Trustworthy,0.0284
right,Trustworthy,-0.0284
right,Dominant,0.0284
370,Dominant,0.0284
constantine,Intelligent,0.0284
aphrodisias,Intelligent,-0.0283
re-used,Baby-faced,0.0283
gaul,Intelligent,-0.0282
germany,Intelligent,-0.0282
aegyptus,Intelligent,-0.0282
record,Well-groomed,0.0282
published,Well-groomed,0.0282
earlier,Generous,0.0281
caria,Intelligent,-0.0281
headless,Rich,-0.0281
antique,Honest,-0.0281
tall,Dominant,-0.0281
mid,Well-groomed,0.0280
wreath-style,Old,-0.0280
environs,Masculine,-0.0280
himation,Competent,-0.0280
agora,Baby-faced,-0.0280
road,Well-groomed,0.0280
re-cut,Baby-faced,0.0279
including,Confident,-0.0279
portus,Confident,-0.0279
ostia,Confident,-0.0279
beard,Trustworthy,0.0279
provenance,Old,0.0279
africa,Trustworthy,-0.0278
constantius,Dominant,-0.0278
covers,Rich,-0.0277
ears,Rich,-0.0277
holding,Generous,-0.0277
toga,Old,-0.0277
right,Rich,0.0277
separately,Competent,-0.0277
worked,Competent,-0.0277
wearing,Intelligent,0.0277
recorded,Baby-faced,-0.0276
belt,Attractive,-0.0276
head,Trustworthy,-0.0276
holding,Masculine,0.0275
end,Trustworthy,-0.0274
500,Attractive,-0.0274
palace,Attractive,0.0274
330,Confident,-0.0274
basilica,Energetic,0.0274
lower,Trustworthy,0.0273
wearing,Competent,-0.0273
450,Rich,-0.0273
severan,Honest,-0.0273
bronze,Competent,-0.0272
colossal,Baby-faced,0.0272
crown,Intelligent,0.0271
base,Attractive,-0.0270
sebasteion,Intelligent,-0.0270
alley,Intelligent,-0.0270
tall,Trustworthy,0.0269
mid-fourth,Competent,-0.0269
305,Baby-faced,-0.0269
temple,Dominant,0.0269
forum,Dominant,-0.0269
bust,Rich,0.0268
cloak,Attractive,0.0268
agora,Well-groomed,-0.0268
aquileia,Old,-0.0267
brow,Attractive,-0.0267
mid,Trustworthy,-0.0267
aquileia,Trustworthy,0.0267
belt,Intelligent,0.0266
separately,Dominant,0.0266
worked,Dominant,0.0266
fragmentary,Honest,-0.0266
palace,Trustworthy,0.0265
city,Generous,0.0265
325,Baby-faced,-0.0264
aegean,Old,0.0264
islands,Old,0.0264
crete,Old,0.0264
art,Honest,0.0262
corsica,Intelligent,-0.0262
sardinia,Intelligent,-0.0262
600,Trustworthy,-0.0261
gaul,Old,-0.0261
germany,Old,-0.0261
road,Attractive,-0.0261
brow,Generous,0.0260
bronze,Baby-faced,0.0260
epirus,Honest,0.0259
thrace,Honest,0.0259
macedonia,Honest,0.0259
agora,Competent,-0.0259
second,Attractive,0.0258
porphyry,Baby-faced,-0.0258
260,Competent,-0.0258
mid-fourth,Dominant,-0.0257
312,Baby-faced,0.0257
550,Baby-faced,0.0257
260,Honest,0.0257
plain,Dominant,-0.0257
probably,Confident,-0.0256
400,Intelligent,-0.0256
east,Intelligent,-0.0256
sicily,Intelligent,-0.0256
roman,Trustworthy,-0.0256
environs,Intelligent,-0.0255
mop,Rich,-0.0255
acquired,Confident,-0.0255
275,Baby-faced,0.0254
sebasteion,Trustworthy,0.0254
alley,Trustworthy,0.0254
environs,Generous,-0.0253
perge,Generous,0.0253
collection,Intelligent,0.0252
area,Energetic,0.0252
pamphylia,Well-groomed,0.0252
provincial,Intelligent,-0.0252
re-cut,Competent,-0.0252
empress,Honest,-0.0252
basilica,Generous,0.0252
area,Dominant,0.0252
330,Baby-faced,-0.0251
acquired,Baby-faced,-0.0251
possibly,Well-groomed,0.0251
310,Masculine,-0.0251
dalmatia,Generous,-0.0251
severan,Generous,-0.0251
histria,Confident,0.0251
venetia,Confident,0.0251
sword,Attractive,-0.0250
togate,Energetic,-0.0250
possibly,Generous,-0.0250
370,Generous,0.0250
diadem,Attractive,-0.0250
central,Attractive,0.0250
local,Dominant,-0.0249
belgica,Old,0.0249
sword,Energetic,-0.0249
baths,Trustworthy,-0.0249
mid,Intelligent,-0.0248
greece,Trustworthy,0.0248
bronze,Old,0.0247
himation,Confident,0.0247
modern,Dominant,0.0247
sixth,Honest,-0.0247
atrium,Well-groomed,0.0246
diocletian,Competent,0.0246
constantine,Attractive,0.0246
tall,Energetic,-0.0246
diadem,Trustworthy,0.0246
350,Masculine,0.0245
togate,Dominant,0.0245
colossal,Rich,-0.0245
near,Generous,0.0245
colossal,Trustworthy,-0.0245
headless,Intelligent,-0.0244
sicily,Generous,-0.0244
375,Masculine,-0.0244
constantinople,Competent,-0.0243
scroll,Dominant,0.0243
military,Trustworthy,-0.0242
north,Honest,0.0242
350,Generous,-0.0242
africa,Masculine,0.0241
earlier,Intelligent,0.0241
belt,Generous,0.0241
re-used,Intelligent,-0.0241
constantine,Dominant,0.0241
purchased,Competent,-0.0240
temple,Old,0.0240
350,Energetic,-0.0240
young,Trustworthy,0.0240
italy,Attractive,0.0240
life-size,Masculine,0.0239
fifth,Honest,-0.0239
cyrenaica,Well-groomed,-0.0238
tripolitania,Well-groomed,-0.0238
eastern,Well-groomed,-0.0238
corsica,Honest,0.0238
sardinia,Honest,0.0238
fifth,Attractive,-0.0238
braid,Attractive,0.0237
himation,Well-groomed,-0.0237
left,Generous,0.0237
shield,Intelligent,-0.0236
sleeved,Attractive,-0.0236
310,Attractive,0.0236
unknown,Well-groomed,0.0236
bronze,Energetic,0.0235
350,Competent,0.0235
roma,Intelligent,-0.0235
westwards,Rich,0.0235
byzacena,Rich,0.0235
road,Competent,0.0235
wreath-style,Trustworthy,-0.0235
fibula,Masculine,-0.0235
sandals,Attractive,-0.0235
togate,Masculine,0.0235
tunic,Trustworthy,-0.0235
second,Generous,-0.0235
acquired,Rich,0.0235
empress,Trustworthy,-0.0234
later,Well-groomed,0.0234
sceptre,Intelligent,0.0234
370,Masculine,-0.0234
early,Competent,-0.0234
bundle,Energetic,-0.0234
seated,Rich,0.0233
275,Energetic,-0.0233
fibula,Dominant,0.0233
seated,Well-groomed,-0.0232
ii,Baby-faced,0.0232
villa,Confident,-0.0232
building,Intelligent,0.0232
africa,Baby-faced,-0.0232
shoulders,Rich,0.0231
insertion,Energetic,-0.0231
crown,Old,-0.0231
street,Energetic,0.0231
strapped,Masculine,-0.0230
male,Trustworthy,0.0230
colobium,Generous,0.0229
late,Competent,0.0229
temple,Baby-faced,-0.0229
west,Attractive,0.0228
braid,Well-groomed,-0.0228
danube,Well-groomed,-0.0228
provinces,Well-groomed,-0.0228
house,Competent,-0.0228
bust,Honest,-0.0228
colobium,Trustworthy,-0.0228
left,Honest,0.0228
early,Dominant,-0.0228
hair,Trustworthy,-0.0227
asia,Honest,0.0227
minor,Honest,0.0227
late,Generous,-0.0227
wreath,Intelligent,-0.0227
300,Trustworthy,0.0226
roma,Dominant,-0.0226
stone,Well-groomed,-0.0226
275,Competent,-0.0226
mid-fourth,Well-groomed,-0.0226
mantle,Dominant,0.0226
late,Energetic,-0.0225
belgica,Trustworthy,-0.0225
ii,Honest,-0.0225
perge,Trustworthy,0.0225
provenance,Generous,-0.0225
305,Masculine,-0.0224
type,Trustworthy,-0.0224
re-used,Attractive,0.0223
mid,Confident,0.0223
aquileia,Honest,-0.0223
360,Rich,-0.0223
armour,Old,0.0223
fillet,Masculine,-0.0223
260,Intelligent,-0.0223
record,Trustworthy,-0.0222
published,Trustworthy,-0.0222
building,Rich,-0.0222
later,Generous,0.0222
jewelled,Rich,0.0222
wall,Intelligent,0.0221
et,Masculine,-0.0221
tondo,Competent,0.0221
bust,Generous,-0.0220
woman,Honest,-0.0220
westwards,Trustworthy,0.0220
byzacena,Trustworthy,0.0220
seated,Dominant,0.0220
laurel,Generous,0.0220
right,Masculine,0.0220
250,Rich,-0.0220
400,Dominant,0.0219
perge,Honest,0.0219
purchased,Confident,-0.0219
mid,Energetic,0.0219
local,Attractive,-0.0219
337,Attractive,-0.0219
sleeved,Old,-0.0219
yes,Generous,-0.0218
strapped,Intelligent,-0.0218
laurel,Trustworthy,0.0218
inscribed,Old,-0.0218
belgica,Competent,0.0218
belt,Dominant,0.0217
337,Intelligent,-0.0217
cuirassed,Dominant,0.0217
re-used,Generous,-0.0217
building,Energetic,-0.0217
second,Dominant,-0.0216
histria,Competent,0.0216
venetia,Competent,0.0216
284,Confident,0.0216
asia,Dominant,-0.0216
minor,Dominant,-0.0216
inscribed,Energetic,-0.0216
belt,Energetic,-0.0216
campania,Trustworthy,-0.0215
belgica,Intelligent,0.0215
fillet,Competent,0.0215
270,Generous,0.0215
mantle,Intelligent,-0.0215
diocletian,Energetic,-0.0214
colobium,Well-groomed,-0.0213
stone,Masculine,-0.0213
acquired,Energetic,-0.0213
sword,Intelligent,0.0212
tall,Honest,-0.0212
chiton,Attractive,-0.0212
paludamentum,Old,0.0211
550,Honest,-0.0211
later,Trustworthy,0.0211
asia,Confident,-0.0211
minor,Confident,-0.0211
italy,Well-groomed,0.0211
350,Rich,0.0210
paludamentum,Intelligent,0.0210
western,Dominant,-0.0210
set,Masculine,-0.0210
paludamentum,Competent,0.0210
near,Baby-faced,-0.0209
cyrenaica,Competent,-0.0209
tripolitania,Competent,-0.0209
eastern,Competent,-0.0209
provenance,Honest,0.0209
aegyptus,Energetic,-0.0209
gaul,Competent,-0.0209
germany,Competent,-0.0209
closed,Trustworthy,-0.0209
herm,Competent,0.0209
crown,Generous,0.0209
probably,Masculine,-0.0208
dalmatia,Dominant,-0.0208
fillet,Rich,0.0208
corsica,Well-groomed,-0.0208
sardinia,Well-groomed,-0.0208
310,Energetic,0.0208
cap,Generous,-0.0207
fragment,Competent,-0.0207
balkans,Honest,0.0207
mid-fourth,Old,-0.0207
sparta,Generous,0.0207
600,Masculine,-0.0207
aquileia,Rich,-0.0205
end,Baby-faced,0.0205
cap,Attractive,-0.0204
east,Old,0.0204
550,Masculine,-0.0204
holding,Competent,-0.0204
seated,Intelligent,0.0204
yes,Honest,0.0204
emperor,Well-groomed,-0.0203
imperial,Competent,0.0202
late,Intelligent,0.0202
danube,Dominant,0.0202
provinces,Dominant,0.0202
roman,Masculine,0.0202
emperor,Honest,0.0202
collection,Dominant,-0.0202
260,Rich,0.0202
constantine,Baby-faced,0.0201
provenance,Energetic,-0.0201
600,Dominant,-0.0201
diadem,Competent,-0.0201
sebasteion,Baby-faced,0.0201
alley,Baby-faced,0.0201
290,Old,0.0201
fragments,Rich,0.0201
right,Honest,-0.0201
set,Competent,0.0200
standing,Attractive,-0.0200
290,Baby-faced,-0.0200
wearing,Dominant,-0.0200
dacia,Masculine,-0.0199
long,Honest,0.0199
450,Energetic,-0.0199
284,Dominant,0.0199
colossal,Intelligent,0.0199
350,Dominant,0.0198
shield,Rich,-0.0198
sebasteion,Competent,0.0198
alley,Competent,0.0198
wreath-style,Generous,0.0198
belt,Rich,-0.0198
fillet,Confident,0.0197
sceptre,Old,0.0197
dalmatia,Trustworthy,0.0197
city,Dominant,0.0197
perge,Intelligent,0.0197
short,Attractive,0.0197
small,Rich,0.0196
danube,Confident,0.0196
provinces,Confident,0.0196
central,Baby-faced,0.0196
north,Dominant,-0.0196
histria,Old,-0.0196
venetia,Old,-0.0196
250,Intelligent,0.0195
baths,Masculine,-0.0194
constantine,Old,-0.0194
insertion,Rich,-0.0194
tall,Intelligent,0.0194
small,Dominant,-0.0194
cyprus,Attractive,-0.0193
360,Honest,0.0193
450,Well-groomed,0.0193
re-worked,Intelligent,-0.0193
fragment,Generous,-0.0192
310,Intelligent,-0.0192
end,Dominant,-0.0192
life-size,Intelligent,-0.0192
modern,Confident,0.0192
sicily,Dominant,-0.0192
sandals,Rich,0.0192
separately,Well-groomed,0.0192
worked,Well-groomed,0.0192
standing,Dominant,0.0191
320,Rich,0.0191
305,Dominant,-0.0191
re-cut,Honest,-0.0191
severan,Confident,0.0190
headgear,Old,0.0190
acquired,Attractive,-0.0190
colobium,Rich,-0.0190
area,Masculine,0.0190
mid,Attractive,0.0190
holding,Rich,-0.0190
dalmatia,Intelligent,0.0189
awarder,Intelligent,0.0189
uncertain,Intelligent,0.0189
450,Baby-faced,0.0189
woman,Attractive,0.0189
west,Confident,0.0188
fillet,Well-groomed,-0.0188
284,Well-groomed,-0.0187
group,Rich,0.0187
re-cut,Rich,-0.0186
roma,Honest,-0.0186
pearl-edged,Trustworthy,-0.0186
stone,Attractive,-0.0185
antique,Well-groomed,-0.0185
mid,Masculine,0.0185
north,Competent,-0.0185
house,Confident,0.0185
belt,Confident,-0.0185
himation,Honest,-0.0185
305,Honest,0.0184
tall,Confident,-0.0184
pearl-edged,Honest,-0.0184
egypt,Generous,0.0183
recorded,Competent,0.0183
cap,Old,-0.0183
standing,Honest,-0.0182
284,Baby-faced,-0.0182
colossal,Competent,0.0182
type,Attractive,0.0181
rome,Attractive,-0.0181
aquileia,Confident,0.0181
second,Trustworthy,-0.0181
magna,Old,-0.0181
lepcis,Old,-0.0181
including,Attractive,0.0180
portus,Attractive,0.0180
ostia,Attractive,0.0180
campania,Rich,0.0180
separately,Confident,0.0180
worked,Confident,0.0180
civica,Honest,-0.0180
corona,Honest,-0.0180
acquired,Well-groomed,-0.0180
danube,Competent,0.0179
provinces,Competent,0.0179
250,Masculine,0.0179
east,Honest,-0.0179
ephesus,Honest,-0.0179
constantine,Confident,0.0178
danube,Trustworthy,0.0177
provinces,Trustworthy,0.0177
450,Confident,-0.0177
425,Old,-0.0176
road,Masculine,-0.0176
dacia,Confident,-0.0176
corinth,Trustworthy,0.0176
crown,Dominant,0.0176
constantius,Competent,0.0175
baths,Baby-faced,0.0175
et,Well-groomed,0.0175
roma,Masculine,-0.0175
315,Rich,0.0174
recorded,Dominant,0.0174
temple,Honest,0.0174
road,Honest,-0.0174
provenance,Dominant,0.0174
city,Rich,-0.0174
palace,Intelligent,-0.0174
340,Attractive,0.0174
villa,Well-groomed,-0.0173
constantine,Masculine,0.0173
alexandria,Attractive,-0.0173
ii,Masculine,-0.0173
250,Baby-faced,-0.0173
west,Dominant,0.0173
fibula,Generous,-0.0172
bundle,Generous,-0.0172
bundle,Intelligent,-0.0172
collection,Competent,-0.0172
east,Dominant,-0.0172
dalmatia,Well-groomed,0.0172
danube,Energetic,0.0171
provinces,Energetic,0.0171
insertion,Trustworthy,-0.0171
umbo,Attractive,-0.0171
et,Competent,-0.0171
city,Masculine,0.0170
unknown,Attractive,0.0170
provenance,Confident,0.0170
360,Confident,0.0169
road,Dominant,0.0169
right,Confident,-0.0169
bronze,Dominant,-0.0169
gaul,Baby-faced,0.0169
germany,Baby-faced,0.0169
imperial,Trustworthy,-0.0169
inscribed,Rich,-0.0168
aphrodisias,Masculine,0.0168
headless,Attractive,-0.0168
tondo,Intelligent,-0.0168
yes,Old,-0.0168
area,Confident,0.0168
305,Energetic,0.0168
togate,Attractive,0.0167
acquired,Trustworthy,-0.0167
500,Competent,-0.0167
palace,Masculine,0.0167
325,Honest,-0.0167
road,Confident,0.0166
260,Old,-0.0166
fifth,Old,-0.0166
fragment,Honest,-0.0166
gaul,Dominant,0.0165
germany,Dominant,0.0165
including,Intelligent,-0.0165
portus,Intelligent,-0.0165
ostia,Intelligent,-0.0165
corinth,Well-groomed,0.0165
stoa,Attractive,-0.0165
long,Well-groomed,-0.0165
wreath,Attractive,0.0164
330,Trustworthy,0.0164
fibula,Baby-faced,-0.0164
375,Trustworthy,0.0163
left,Baby-faced,-0.0163
re-used,Honest,0.0163
theatre,Old,-0.0162
westwards,Generous,-0.0162
byzacena,Generous,-0.0162
lower,Honest,0.0162
campania,Competent,0.0162
area,Well-groomed,-0.0161
chlamys,Trustworthy,-0.0161
re-cut,Intelligent,-0.0161
half,Competent,-0.0161
insertion,Intelligent,0.0161
stoa,Energetic,0.0160
corinth,Dominant,-0.0160
antique,Masculine,0.0159
footwear,Trustworthy,0.0159
sicily,Competent,0.0159
re-cut,Well-groomed,0.0159
temple,Rich,-0.0158
pamphylia,Honest,0.0158
area,Attractive,0.0158
local,Competent,0.0157
284,Energetic,0.0157
wreath-style,Confident,-0.0157
africa,Honest,-0.0157
450,Dominant,0.0157
central,Intelligent,0.0157
250,Attractive,0.0157
magna,Intelligent,0.0156
lepcis,Intelligent,0.0156
270,Energetic,-0.0156
fragment,Energetic,-0.0156
colobium,Intelligent,-0.0156
upper,Rich,-0.0156
shoulders,Generous,-0.0156
herm,Honest,0.0155
fragmentary,Attractive,0.0155
275,Old,0.0154
toga,Honest,-0.0154
antique,Rich,0.0154
sleeved,Intelligent,-0.0153
cyprus,Generous,-0.0153
bronze,Attractive,-0.0153
north,Generous,0.0153
westwards,Competent,0.0152
byzacena,Competent,0.0152
300,Attractive,0.0152
westwards,Intelligent,0.0152
byzacena,Intelligent,0.0152
western,Trustworthy,0.0152
north,Attractive,-0.0152
wearing,Baby-faced,-0.0152
end,Generous,0.0151
ii,Energetic,0.0151
wearing,Attractive,0.0151
diocletian,Confident,0.0151
337,Energetic,-0.0151
alexandria,Honest,-0.0151
340,Masculine,-0.0151
city,Competent,-0.0150
hair,Honest,-0.0150
area,Honest,0.0150
asia,Old,0.0150
minor,Old,0.0150
civica,Generous,0.0150
corona,Generous,0.0150
umbo,Energetic,-0.0150
cyrenaica,Old,-0.0150
tripolitania,Old,-0.0150
eastern,Old,-0.0150
600,Old,-0.0150
scroll,Generous,-0.0150
400,Honest,-0.0150
roma,Attractive,0.0149
insertion,Well-groomed,0.0149
north,Well-groomed,-0.0149
asia,Trustworthy,0.0149
minor,Trustworthy,0.0149
aegyptus,Old,-0.0149
antique,Competent,-0.0149
colobium,Dominant,-0.0148
plain,Intelligent,-0.0148
paludamentum,Well-groomed,-0.0148
greece,Honest,0.0148
acquired,Competent,0.0148
cap,Intelligent,-0.0148
covers,Baby-faced,0.0148
ears,Baby-faced,0.0148
fragmentary,Rich,-0.0147
street,Dominant,0.0147
local,Masculine,-0.0146
pamphylia,Rich,0.0146
villa,Energetic,0.0146
constantine,Well-groomed,-0.0146
360,Competent,-0.0146
local,Well-groomed,-0.0146
plain,Confident,-0.0145
provincial,Energetic,-0.0145
inscribed,Intelligent,-0.0145
450,Masculine,0.0145
north,Energetic,0.0145
corsica,Attractive,-0.0145
sardinia,Attractive,-0.0145
mantle,Masculine,-0.0145
dacia,Intelligent,-0.0145
large,Rich,0.0145
375,Rich,-0.0145
togate,Generous,0.0144
egypt,Old,-0.0144
aquileia,Intelligent,0.0144
cyprus,Intelligent,-0.0144
fourth,Masculine,-0.0144
modern,Old,-0.0143
antique,Intelligent,0.0143
mid,Competent,0.0143
record,Intelligent,-0.0143
published,Intelligent,-0.0143
stoa,Dominant,-0.0143
scroll,Attractive,-0.0142
425,Attractive,-0.0142
early,Well-groomed,-0.0142
local,Honest,-0.0142
set,Trustworthy,-0.0142
sparta,Dominant,0.0142
encircling,Rich,-0.0142
fourth,Well-groomed,-0.0142
300,Baby-faced,-0.0142
fibula,Attractive,-0.0141
later,Attractive,0.0141
350,Old,-0.0140
atrium,Competent,0.0140
diocletian,Intelligent,0.0140
325,Competent,0.0140
inscribed,Confident,-0.0140
sixth,Old,-0.0139
380,Confident,-0.0139
strapped,Old,-0.0139
fillet,Dominant,-0.0138
tall,Masculine,-0.0138
sicily,Rich,0.0138
bronze,Well-groomed,-0.0138
basilica,Attractive,-0.0138
street,Competent,0.0138
standing,Generous,0.0138
umbo,Generous,0.0137
sebasteion,Rich,-0.0137
alley,Rich,-0.0137
scroll,Energetic,-0.0136
danube,Generous,0.0136
provinces,Generous,0.0136
second,Well-groomed,-0.0136
sandals,Dominant,-0.0136
short-cropped,Attractive,-0.0136
rome,Energetic,-0.0136
fourth,Generous,-0.0136
wreath-style,Energetic,0.0136
including,Rich,-0.0136
portus,Rich,-0.0136
ostia,Rich,-0.0136
et,Confident,-0.0136
brushed,Honest,-0.0135
diadem,Well-groomed,0.0135
villa,Attractive,-0.0135
350,Honest,0.0135
315,Well-groomed,-0.0135
340,Intelligent,-0.0134
fragmentary,Intelligent,-0.0134
male,Honest,-0.0134
pamphylia,Confident,0.0134
scroll,Confident,0.0134
probably,Dominant,-0.0134
histria,Baby-faced,-0.0134
venetia,Baby-faced,-0.0134
cap,Baby-faced,0.0134
350,Well-groomed,0.0133
life-size,Generous,0.0133
empress,Baby-faced,0.0133
330,Masculine,-0.0133
wearing,Trustworthy,0.0132
inscribed,Generous,-0.0132
plain,Masculine,-0.0132
group,Attractive,-0.0132
north,Trustworthy,0.0132
statue,Trustworthy,0.0132
360,Generous,-0.0132
baths,Honest,-0.0131
agora,Attractive,-0.0131
baths,Old,0.0131
dalmatia,Honest,-0.0131
brow,Masculine,0.0131
brow,Well-groomed,-0.0130
severan,Trustworthy,-0.0130
lower,Old,0.0130
perge,Rich,0.0130
clean-shaven,Well-groomed,-0.0130
imperial,Energetic,0.0130
late,Confident,0.0130
fragments,Trustworthy,-0.0130
unknown,Generous,0.0130
collection,Honest,-0.0129
fragments,Intelligent,-0.0129
africa,Old,-0.0129
250,Competent,0.0129
beard,Generous,-0.0129
270,Well-groomed,0.0128
fibula,Energetic,-0.0128
left,Rich,-0.0128
street,Intelligent,-0.0127
civica,Trustworthy,-0.0127
corona,Trustworthy,-0.0127
tunic,Honest,0.0127
roman,Generous,0.0127
left,Dominant,0.0127
mid,Rich,-0.0127
headless,Dominant,-0.0127
belt,Masculine,0.0126
road,Old,0.0125
house,Well-groomed,-0.0125
armour,Intelligent,0.0125
yes,Trustworthy,-0.0125
375,Honest,-0.0125
severan,Baby-faced,0.0125
proconsularis,Intelligent,-0.0124
284,Generous,-0.0124
set,Baby-faced,0.0124
320,Competent,0.0124
360,Energetic,-0.0123
fragments,Energetic,-0.0123
fragment,Masculine,-0.0123
provenance,Attractive,-0.0123
building,Old,0.0123
360,Masculine,-0.0123
armour,Attractive,-0.0123
diadem,Intelligent,-0.0123
tall,Competent,-0.0123
modern,Energetic,0.0123
340,Confident,-0.0122
constantinople,Honest,0.0122
caria,Old,0.0122
300,Honest,-0.0122
half,Well-groomed,-0.0122
city,Intelligent,-0.0122
pamphylia,Competent,0.0122
tetrarch,Competent,0.0122
baths,Energetic,0.0122
histria,Masculine,-0.0121
venetia,Masculine,-0.0121
braid,Intelligent,0.0121
jewelled,Honest,-0.0120
pearl-edged,Well-groomed,-0.0120
severan,Dominant,-0.0120
environs,Old,-0.0119
400,Competent,-0.0119
laurel,Rich,-0.0118
imperial,Old,0.0118
aquileia,Masculine,-0.0118
western,Energetic,0.0118
crown,Well-groomed,0.0118
stoa,Trustworthy,0.0117
fifth,Energetic,0.0117
pamphylia,Trustworthy,0.0117
africa,Attractive,0.0117
340,Rich,-0.0117
stubble,Generous,0.0117
inscribed,Masculine,-0.0116
right,Generous,-0.0116
western,Intelligent,-0.0116
stoa,Intelligent,-0.0116
ii,Confident,-0.0116
colossal,Generous,-0.0116
fragment,Confident,-0.0116
provenance,Masculine,-0.0116
fragments,Confident,-0.0116
military,Honest,0.0116
second,Competent,0.0115
gaul,Rich,-0.0115
germany,Rich,-0.0115
temple,Well-groomed,-0.0115
brushed,Trustworthy,0.0115
half,Old,-0.0115
340,Energetic,-0.0115
caria,Energetic,-0.0115
chlamys,Dominant,-0.0115
plain,Energetic,0.0115
laurel,Dominant,0.0114
south,Attractive,0.0114
earlier,Trustworthy,0.0114
stone,Competent,0.0114
forward,Trustworthy,-0.0114
320,Confident,0.0113
palace,Confident,0.0113
face,Attractive,0.0112
togate,Intelligent,-0.0112
mid,Honest,-0.0112
closed,Masculine,-0.0112
shield,Well-groomed,-0.0111
mid,Baby-faced,-0.0111
theatre,Baby-faced,0.0111
320,Intelligent,0.0111
tetrarch,Intelligent,0.0110
600,Energetic,0.0110
herm,Baby-faced,-0.0110
encircling,Attractive,0.0110
375,Competent,0.0110
second,Baby-faced,0.0109
late,Honest,-0.0109
312,Confident,0.0109
ii,Trustworthy,-0.0109
east,Competent,-0.0109
second,Old,-0.0109
togate,Well-groomed,-0.0109
380,Generous,0.0108
260,Generous,0.0108
headgear,Honest,0.0108
wearing,Well-groomed,0.0108
himation,Rich,0.0108
agora,Old,-0.0108
re-used,Old,0.0107
second,Honest,0.0107
600,Honest,0.0107
fragmentary,Dominant,-0.0106
belt,Baby-faced,-0.0106
brow,Intelligent,-0.0106
south,Rich,0.0106
second,Masculine,-0.0105
provincial,Masculine,0.0105
record,Honest,0.0105
published,Honest,0.0105
diocletian,Trustworthy,-0.0105
westwards,Energetic,0.0105
byzacena,Energetic,0.0105
western,Confident,0.0104
ii,Dominant,-0.0104
290,Dominant,0.0104
aegean,Honest,-0.0104
islands,Honest,-0.0104
crete,Honest,-0.0104
stone,Rich,-0.0104
constantine,Honest,-0.0104
280,Honest,0.0103
achaea,Trustworthy,0.0103
fourth,Competent,0.0103
diadem,Baby-faced,0.0103
short,Generous,-0.0103
covers,Intelligent,0.0102
ears,Intelligent,0.0102
bundle,Confident,0.0102
western,Old,0.0102
brow,Confident,-0.0102
insertion,Attractive,0.0101
chiton,Honest,0.0101
375,Baby-faced,-0.0100
crown,Baby-faced,0.0100
re-cut,Dominant,0.0099
life-size,Energetic,-0.0099
danube,Rich,0.0099
provinces,Rich,0.0099
400,Rich,0.0098
toga,Masculine,-0.0098
mid-fourth,Honest,-0.0098
300,Old,-0.0098
re-used,Well-groomed,0.0098
wreath,Honest,-0.0098
collection,Rich,0.0098
330,Rich,0.0098
re-worked,Honest,-0.0098
imperial,Generous,0.0098
shield,Competent,0.0097
himation,Intelligent,-0.0097
civica,Attractive,-0.0097
corona,Attractive,-0.0097
late,Old,0.0097
modern,Well-groomed,0.0096
wreath,Competent,-0.0096
crown,Rich,0.0095
umbo,Masculine,0.0095
armour,Energetic,-0.0095
recorded,Masculine,-0.0095
covers,Competent,0.0095
ears,Competent,0.0095
shoulders,Trustworthy,0.0095
bust,Old,-0.0095
perge,Well-groomed,0.0095
life-size,Honest,0.0094
end,Confident,-0.0094
sparta,Honest,0.0094
305,Intelligent,-0.0094
290,Well-groomed,-0.0094
forum,Attractive,-0.0093
350,Intelligent,0.0093
north,Masculine,0.0093
recorded,Attractive,0.0093
proconsularis,Dominant,-0.0093
420,Trustworthy,-0.0092
braid,Honest,-0.0092
450,Honest,-0.0092
record,Energetic,0.0092
published,Energetic,0.0092
gaul,Well-groomed,0.0091
germany,Well-groomed,0.0091
umbo,Confident,-0.0091
constantinople,Baby-faced,0.0091
upper,Energetic,-0.0091
270,Trustworthy,0.0091
fifth,Well-groomed,0.0091
forum,Well-groomed,-0.0091
280,Generous,0.0090
left,Competent,-0.0090
local,Confident,0.0090
re-worked,Trustworthy,0.0090
end,Energetic,0.0089
et,Energetic,0.0089
set,Old,-0.0089
cyprus,Trustworthy,-0.0088
pamphylia,Dominant,0.0088
empress,Intelligent,0.0088
305,Rich,-0.0088
type,Old,-0.0087
imperial,Baby-faced,0.0087
late,Masculine,-0.0087
diadem,Honest,0.0087
seated,Generous,-0.0087
360,Dominant,-0.0086
constantinople,Trustworthy,0.0086
corsica,Trustworthy,0.0086
sardinia,Trustworthy,0.0086
forum,Masculine,-0.0086
cities,Energetic,-0.0086
officials,Energetic,-0.0086
institutions,Energetic,-0.0086
shoulders,Intelligent,0.0086
second,Rich,0.0086
500,Honest,0.0086
wreath-style,Baby-faced,-0.0086
civica,Energetic,-0.0085
corona,Energetic,-0.0085
art,Energetic,0.0085
fragmentary,Competent,-0.0085
large,Dominant,-0.0085
military,Baby-faced,0.0085
mid,Old,-0.0085
pamphylia,Attractive,0.0085
holding,Attractive,0.0085
braid,Rich,-0.0085
constantius,Well-groomed,-0.0084
337,Old,-0.0084
425,Competent,-0.0083
north,Baby-faced,-0.0083
tetrarch,Dominant,0.0083
fourth,Intelligent,0.0083
proconsularis,Rich,0.0082
western,Rich,0.0082
dacia,Rich,-0.0081
250,Honest,-0.0080
empress,Well-groomed,-0.0080
tetrarch,Well-groomed,0.0079
312,Energetic,0.0079
including,Masculine,-0.0079
portus,Masculine,-0.0079
ostia,Masculine,-0.0079
mid-fourth,Intelligent,-0.0079
370,Honest,-0.0078
proconsularis,Honest,-0.0078
belgica,Rich,-0.0078
pearl-edged,Energetic,-0.0078
pearl-edged,Attractive,0.0078
westwards,Attractive,-0.0077
byzacena,Attractive,-0.0077
right,Competent,-0.0077
campania,Attractive,0.0077
re-worked,Generous,0.0076
370,Energetic,0.0075
dalmatia,Competent,0.0075
constantinople,Well-groomed,-0.0075
early,Attractive,0.0075
himation,Masculine,0.0075
pamphylia,Intelligent,0.0074
tondo,Well-groomed,-0.0074
empress,Competent,-0.0074
305,Competent,-0.0074
perge,Attractive,0.0074
constantinople,Rich,-0.0073
antique,Generous,-0.0073
500,Trustworthy,-0.0073
ii,Well-groomed,0.0073
tetrarch,Rich,0.0073
315,Competent,0.0072
tall,Generous,0.0072
stoa,Confident,-0.0072
city,Baby-faced,-0.0072
stoa,Honest,0.0072
constantius,Old,0.0072
western,Competent,-0.0072
himation,Energetic,0.0072
africa,Rich,-0.0071
local,Intelligent,0.0071
palace,Honest,0.0071
young,Generous,0.0071
fibula,Competent,-0.0070
mantle,Rich,-0.0070
305,Trustworthy,0.0070
acquired,Old,0.0070
colobium,Baby-faced,0.0070
belgica,Well-groomed,-0.0070
constantine,Competent,-0.0070
athens,Generous,-0.0070
modern,Masculine,-0.0069
paludamentum,Dominant,-0.0069
constantine,Energetic,0.0069
environs,Dominant,0.0069
325,Energetic,-0.0069
brushed,Generous,0.0069
dacia,Competent,0.0069
mantle,Confident,-0.0068
cyrenaica,Attractive,0.0068
tripolitania,Attractive,0.0068
eastern,Attractive,0.0068
east,Masculine,-0.0068
seated,Honest,0.0068
260,Well-groomed,-0.0068
fibula,Trustworthy,-0.0068
asia,Attractive,-0.0068
minor,Attractive,-0.0068
scroll,Intelligent,-0.0067
togate,Rich,-0.0067
diocletian,Masculine,0.0067
combed,Attractive,0.0067
constantius,Rich,0.0067
lower,Dominant,-0.0067
including,Dominant,-0.0067
portus,Dominant,-0.0067
ostia,Dominant,-0.0067
separately,Baby-faced,0.0067
worked,Baby-faced,0.0067
cuirassed,Honest,-0.0066
stone,Intelligent,0.0066
large,Masculine,0.0066
re-used,Rich,0.0066
provincial,Trustworthy,0.0066
290,Trustworthy,0.0066
belt,Trustworthy,-0.0066
500,Old,-0.0065
western,Honest,0.0065
strapped,Honest,0.0065
chlamys,Masculine,-0.0065
roman,Energetic,-0.0065
400,Baby-faced,-0.0064
probably,Attractive,-0.0064
290,Masculine,-0.0064
340,Dominant,-0.0064
villa,Honest,-0.0064
gaul,Confident,0.0063
germany,Confident,0.0063
dalmatia,Energetic,-0.0063
danube,Attractive,-0.0063
provinces,Attractive,-0.0063
theatre,Attractive,0.0063
284,Attractive,-0.0063
et,Intelligent,0.0063
275,Attractive,-0.0063
laurel,Baby-faced,0.0062
seated,Attractive,0.0062
herm,Old,0.0062
western,Baby-faced,0.0062
proconsularis,Competent,-0.0062
400,Well-groomed,0.0062
constantine,Trustworthy,0.0062
320,Attractive,0.0061
achaea,Intelligent,0.0061
chlamys,Old,0.0061
perge,Baby-faced,0.0061
plain,Attractive,-0.0061
re-worked,Old,0.0061
east,Trustworthy,0.0060
dalmatia,Masculine,-0.0060
theatre,Masculine,0.0060
belgica,Generous,-0.0060
belt,Competent,0.0059
275,Honest,0.0059
corsica,Generous,0.0059
sardinia,Generous,0.0059
seated,Masculine,-0.0058
bundle,Attractive,0.0058
half,Masculine,0.0057
caria,Baby-faced,0.0057
life-size,Confident,-0.0057
cities,Masculine,0.0056
officials,Masculine,0.0056
institutions,Masculine,0.0056
ii,Generous,0.0056
proconsularis,Confident,-0.0056
dalmatia,Attractive,-0.0056
unknown,Masculine,0.0056
strapped,Generous,0.0056
later,Rich,-0.0056
aegyptus,Generous,0.0056
crown,Masculine,0.0055
right,Intelligent,0.0055
cap,Honest,0.0055
aphrodisias,Attractive,-0.0055
left,Intelligent,0.0054
gaul,Energetic,0.0054
germany,Energetic,0.0054
337,Trustworthy,0.0054
half,Baby-faced,-0.0054
seated,Confident,-0.0054
scroll,Trustworthy,0.0054
holding,Intelligent,-0.0054
hair,Attractive,0.0054
315,Dominant,-0.0054
possibly,Energetic,-0.0054
caria,Attractive,-0.0054
severan,Competent,0.0053
fillet,Old,0.0053
305,Generous,0.0053
histria,Honest,-0.0053
venetia,Honest,-0.0053
possibly,Attractive,-0.0052
dalmatia,Rich,0.0052
pamphylia,Baby-faced,-0.0052
fragment,Intelligent,-0.0052
fragments,Competent,0.0051
350,Attractive,0.0051
wall,Honest,-0.0051
building,Attractive,0.0051
et,Attractive,0.0050
cities,Trustworthy,0.0050
officials,Trustworthy,0.0050
institutions,Trustworthy,0.0050
togate,Confident,0.0050
pamphylia,Generous,0.0050
420,Energetic,-0.0050
herm,Well-groomed,-0.0050
jewelled,Intelligent,-0.0050
pamphylia,Energetic,-0.0049
jewelled,Well-groomed,0.0049
250,Trustworthy,0.0049
imperial,Rich,0.0049
fifth,Baby-faced,-0.0049
wall,Dominant,0.0048
aphrodisias,Old,0.0048
large,Competent,0.0047
roma,Well-groomed,-0.0047
danube,Intelligent,-0.0047
provinces,Intelligent,-0.0047
set,Generous,0.0047
375,Intelligent,0.0046
recorded,Well-groomed,0.0046
wreath,Rich,-0.0046
constantinople,Generous,-0.0046
fragmentary,Confident,0.0045
palace,Old,0.0045
chiton,Trustworthy,0.0045
imperial,Honest,-0.0045
herm,Intelligent,-0.0045
south,Honest,-0.0045
constantinople,Old,-0.0044
250,Dominant,-0.0044
250,Old,-0.0043
fillet,Attractive,0.0043
fragment,Well-groomed,-0.0043
holding,Confident,-0.0043
290,Confident,0.0043
head,Attractive,0.0043
305,Well-groomed,-0.0042
road,Intelligent,-0.0042
westwards,Old,0.0042
byzacena,Old,0.0042
base,Intelligent,-0.0041
wreath-style,Dominant,0.0040
small,Well-groomed,-0.0040
north,Confident,-0.0040
fourth,Rich,0.0040
re-cut,Generous,-0.0040
yes,Attractive,-0.0040
dalmatia,Confident,-0.0040
mantle,Honest,-0.0040
420,Attractive,0.0039
acquired,Masculine,0.0039
combed,Honest,0.0038
corinth,Masculine,0.0038
290,Generous,0.0038
head,Dominant,0.0038
420,Baby-faced,0.0037
area,Trustworthy,0.0037
mid,Dominant,0.0037
athens,Trustworthy,-0.0037
sandals,Intelligent,-0.0037
provenance,Well-groomed,-0.0037
area,Competent,-0.0037
forum,Confident,0.0037
house,Trustworthy,0.0037
covers,Honest,0.0037
ears,Honest,0.0037
including,Well-groomed,0.0036
portus,Well-groomed,0.0036
ostia,Well-groomed,0.0036
theatre,Well-groomed,-0.0036
wearing,Rich,0.0036
veiled,Honest,0.0036
425,Intelligent,-0.0035
constantinople,Intelligent,0.0035
athens,Intelligent,-0.0035
italy,Energetic,0.0035
fillet,Baby-faced,0.0035
record,Old,-0.0034
published,Old,-0.0034
aegean,Trustworthy,-0.0034
islands,Trustworthy,-0.0034
crete,Trustworthy,-0.0034
collection,Trustworthy,-0.0034
central,Competent,0.0033
cuirassed,Old,0.0033
ephesus,Confident,-0.0033
dacia,Energetic,-0.0033
300,Masculine,0.0033
herm,Rich,-0.0033
basilica,Intelligent,0.0033
380,Energetic,-0.0033
fifth,Masculine,0.0033
320,Well-groomed,-0.0032
holding,Honest,-0.0032
basilica,Trustworthy,0.0032
stone,Honest,0.0032
325,Attractive,0.0032
re-cut,Confident,0.0032
danube,Honest,-0.0032
provinces,Honest,-0.0032
city,Trustworthy,-0.0031
africa,Competent,-0.0031
fragmentary,Baby-faced,-0.0031
basilica,Competent,0.0031
tall,Well-groomed,0.0030
local,Rich,-0.0030
ii,Old,-0.0030
350,Confident,0.0030
380,Well-groomed,0.0029
large,Baby-faced,0.0029
cyprus,Honest,-0.0029
short-cropped,Trustworthy,-0.0029
diadem,Old,0.0029
360,Trustworthy,0.0029
425,Trustworthy,0.0028
380,Attractive,0.0028
basilica,Baby-faced,0.0028
palace,Competent,0.0027
plain,Trustworthy,0.0027
combed,Well-groomed,-0.0027
balkans,Intelligent,-0.0027
area,Generous,0.0027
crown,Trustworthy,0.0026
seated,Competent,-0.0026
lower,Generous,0.0026
road,Energetic,-0.0026
bust,Intelligent,-0.0026
fragmentary,Energetic,0.0026
dacia,Dominant,-0.0025
emperor,Attractive,0.0025
mid-fourth,Generous,0.0025
260,Attractive,0.0025
life-size,Attractive,0.0025
italy,Trustworthy,-0.0025
cap,Trustworthy,0.0024
group,Old,-0.0024
fragmentary,Generous,-0.0024
inscribed,Honest,-0.0024
re-cut,Masculine,0.0024
empress,Old,0.0024
340,Well-groomed,-0.0024
brow,Dominant,0.0024
jewelled,Trustworthy,-0.0023
305,Confident,-0.0023
forward,Generous,-0.0023
severan,Intelligent,0.0023
fourth,Dominant,-0.0022
porphyry,Energetic,-0.0022
east,Generous,-0.0022
hairstyle,Energetic,-0.0022
tondo,Old,-0.0021
fourth,Honest,-0.0021
rome,Well-groomed,-0.0021
fragments,Baby-faced,-0.0021
corinth,Rich,0.0020
tondo,Rich,0.0020
constantius,Masculine,0.0020
basilica,Rich,0.0020
jewelled,Competent,-0.0019
constantine,Generous,0.0019
purchased,Intelligent,0.0018
house,Old,-0.0018
fibula,Honest,-0.0018
large,Honest,0.0018
370,Trustworthy,0.0018
re-cut,Energetic,-0.0018
corinth,Competent,-0.0018
histria,Rich,0.0018
venetia,Rich,0.0018
paludamentum,Confident,0.0017
group,Honest,0.0017
western,Generous,-0.0017
re-cut,Old,0.0017
275,Intelligent,-0.0016
headless,Old,-0.0016
military,Intelligent,-0.0016
fragments,Masculine,0.0016
recorded,Intelligent,0.0016
ephesus,Baby-faced,-0.0016
270,Honest,-0.0015
315,Baby-faced,-0.0015
left,Confident,0.0015
alexandria,Masculine,-0.0015
recorded,Confident,-0.0015
combed,Generous,-0.0015
lower,Masculine,0.0015
constantine,Rich,-0.0015
temple,Competent,-0.0014
perge,Old,0.0014
toga,Generous,-0.0014
tondo,Baby-faced,0.0014
aquileia,Baby-faced,-0.0013
female,Honest,0.0013
toga,Dominant,0.0013
emperor,Generous,0.0012
315,Masculine,-0.0012
acquired,Dominant,0.0011
agora,Honest,-0.0011
environs,Honest,0.0011
laurel,Old,0.0011
greece,Intelligent,0.0010
tondo,Masculine,-0.0010
west,Trustworthy,0.0010
military,Generous,-0.0010
pamphylia,Masculine,-0.0010
et,Trustworthy,0.0010
ii,Attractive,-0.0009
holding,Energetic,-0.0009
empress,Attractive,0.0009
350,Baby-faced,-0.0009
sandals,Honest,-0.0008
early,Energetic,0.0008
area,Intelligent,-0.0008
westwards,Baby-faced,-0.0007
byzacena,Baby-faced,-0.0007
imperial,Intelligent,-0.0007
fibula,Rich,-0.0006
west,Honest,0.0006
shield,Baby-faced,0.0006
aquileia,Competent,0.0006
320,Old,-0.0006
375,Confident,0.0006
275,Trustworthy,0.0006
gaul,Masculine,0.0005
germany,Masculine,0.0005
aphrodisias,Energetic,-0.0005
stone,Confident,0.0005
half,Generous,0.0005
sicily,Masculine,0.0005
shoulders,Attractive,0.0005
337,Confident,-0.0004
short,Trustworthy,-0.0004
record,Baby-faced,0.0004
published,Baby-faced,0.0004
380,Baby-faced,0.0004
colossal,Well-groomed,0.0004
late,Baby-faced,0.0004
upper,Intelligent,0.0004
cloak,Dominant,0.0003
house,Baby-faced,0.0003
425,Honest,-0.0003
late,Dominant,-0.0003
long,Attractive,0.0003
north,Old,0.0003
umbo,Dominant,0.0003
palace,Generous,-0.0002
370,Attractive,-0.0002
tetrarch,Masculine,0.0002
fibula,Confident,0.0002
425,Energetic,-0.0001
epirus,Intelligent,-0.0001
thrace,Intelligent,-0.0001
macedonia,Intelligent,-0.0001
purchased,Trustworthy,0.0001
seated,Trustworthy,0.0001
brow,Competent,-0.0000
westwards,Confident,-0.0000
byzacena,Confident,-0.0000
